{"stats":{"minecraft:picked_up":{"biomesoplenty:pine_sapling":2,"minecraft:stick":5,"minecraft:crafting_table":1,"biomesoplenty:pine_log":24},"minecraft:custom":{"minecraft:time_since_rest":3385,"minecraft:crouch_one_cm":718,"minecraft:play_time":3385,"minecraft:sprint_one_cm":3010,"minecraft:walk_one_cm":4819,"minecraft:sneak_time":162,"minecraft:jump":68,"minecraft:leave_game":1,"minecraft:time_since_death":3385,"minecraft:total_world_time":3385,"minecraft:fall_one_cm":1734,"minecraft:interact_with_crafting_table":1,"minecraft:fly_one_cm":6666},"minecraft:used":{"minecraft:wooden_axe":20,"minecraft:crafting_table":1},"minecraft:mined":{"biomesoplenty:pine_log":24,"biomesoplenty:pine_leaves":2,"minecraft:crafting_table":1},"minecraft:crafted":{"minecraft:crafting_table":1,"biomesoplenty:pine_planks":32,"minecraft:stick":8,"minecraft:wooden_axe":1}},"DataVersion":3953}