{"stats":{"minecraft:used":{"minecraft:short_grass":3,"minecraft:mace":7,"minecraft:end_crystal":2,"warhammersmod:hammer_obsidian":2,"basicweapons:netherite_spear":3,"minecraft:grass_block":189,"basicweapons:netherite_quarterstaff":10,"minecraft:obsidian":2},"minecraft:picked_up":{"minecraft:feather":2,"minecraft:chicken":1,"minecraft:wheat_seeds":1,"minecraft:leather":9,"minecraft:beef":6,"minecraft:porkchop":6,"minecraft:light_gray_wool":1,"minecraft:white_wool":1,"minecraft:mutton":3,"minecraft:dirt":54,"minecraft:egg":1},"minecraft:killed":{"minecraft:sheep":2,"minecraft:donkey":1,"minecraft:pig":3,"minecraft:chicken":2,"minecraft:cow":6},"minecraft:mined":{"minecraft:tall_grass":3},"minecraft:custom":{"minecraft:time_since_rest":240,"minecraft:crouch_one_cm":1259,"minecraft:deaths":1,"minecraft:sprint_one_cm":10295,"minecraft:play_time":11403,"minecraft:damage_taken":73,"minecraft:walk_one_cm":9332,"minecraft:sneak_time":377,"minecraft:mob_kills":14,"minecraft:jump":109,"minecraft:damage_dealt":1189,"minecraft:leave_game":5,"minecraft:time_since_death":211,"minecraft:total_world_time":11403,"minecraft:fall_one_cm":418,"minecraft:fly_one_cm":97468,"minecraft:horse_one_cm":1846}},"DataVersion":3953}