{"stats":{"minecraft:picked_up":{"biomesoplenty:pine_sapling":16,"minecraft:stick":5,"minecraft:crafting_table":3,"biomesoplenty:pine_planks":3,"minecraft:leather":5,"minecraft:porkchop":5,"biomesoplenty:pine_log":32,"minecraft:dirt":11,"minecraft:rotten_flesh":3,"minecraft:wheat_seeds":2,"minecraft:beef":7,"minecraft:mutton":6,"minecraft:coal":43,"minecraft:white_wool":3,"minecraft:cobblestone":12,"minecraft:raw_iron":7},"minecraft:custom":{"minecraft:time_since_rest":16633,"minecraft:sprint_one_cm":23629,"minecraft:damage_taken":10,"minecraft:walk_one_cm":23373,"minecraft:mob_kills":12,"minecraft:damage_dealt":1276,"minecraft:damage_dealt_absorbed":209,"minecraft:interact_with_crafting_table":3,"minecraft:fly_one_cm":39061,"minecraft:crouch_one_cm":3391,"minecraft:play_time":16633,"minecraft:sneak_time":1126,"minecraft:jump":347,"minecraft:damage_dealt_resisted":289,"minecraft:leave_game":2,"minecraft:time_since_death":16633,"minecraft:total_world_time":16633,"minecraft:fall_one_cm":10448},"minecraft:broken":{"azurepaxels:wooden_paxel":1,"minecraft:wooden_axe":1},"minecraft:crafted":{"azurepaxels:stone_paxel":1,"basicweapons:stone_dagger":1,"minecraft:wooden_shovel":1,"minecraft:stone_shovel":1,"minecraft:crafting_table":1,"biomesoplenty:pine_planks":40,"minecraft:stick":16,"minecraft:wooden_pickaxe":1,"minecraft:stone_pickaxe":1,"minecraft:wooden_axe":2,"azurepaxels:wooden_paxel":1,"minecraft:stone_axe":1},"minecraft:used":{"minecraft:wooden_axe":52,"biomesoplenty:pine_sapling":10,"basicweapons:stone_dagger":35,"minecraft:rotten_flesh":2,"minecraft:dirt":9,"biomesoplenty:pine_planks":3,"minecraft:crafting_table":3,"azurepaxels:wooden_paxel":59,"azurepaxels:stone_paxel":20},"minecraft:mined":{"biomesoplenty:pine_log":43,"minecraft:iron_ore":7,"biomesoplenty:pine_sapling":8,"biomesoplenty:pine_leaves":3,"minecraft:crafting_table":3,"minecraft:short_grass":6,"minecraft:grass_block":10,"minecraft:coal_ore":43,"biomesoplenty:pine_planks":3,"minecraft:dirt":1,"minecraft:stone":12},"minecraft:killed":{"minecraft:pig":4,"minecraft:cow":4,"minecraft:sheep":3}},"DataVersion":3953}