{"stats":{"minecraft:mined":{"minecraft:white_bed":1,"biomesoplenty:pine_sapling":8,"biomesoplenty:pine_leaves":8,"minecraft:crafting_table":4,"minecraft:short_grass":7,"minecraft:grass_block":12,"biomesoplenty:pine_planks":3,"biomesoplenty:high_grass_plant":2,"minecraft:tall_grass":2,"minecraft:spruce_leaves":2,"biomesoplenty:pine_log":43,"minecraft:furnace":1,"minecraft:iron_ore":7,"minecraft:spruce_log":2,"minecraft:coal_ore":43,"biomesoplenty:high_grass":4,"minecraft:dirt":5,"minecraft:stone":18},"minecraft:broken":{"azurepaxels:wooden_paxel":1,"minecraft:wooden_axe":1},"minecraft:crafted":{"basicweapons:stone_dagger":1,"minecraft:wooden_shovel":1,"minecraft:stone_shovel":1,"minecraft:cooked_porkchop":5,"minecraft:crafting_table":1,"biomesoplenty:pine_planks":40,"minecraft:wooden_pickaxe":1,"minecraft:furnace":1,"azurepaxels:wooden_paxel":1,"minecraft:stone_axe":1,"toughasnails:empty_leather_canteen":1,"minecraft:air":0,"azurepaxels:stone_paxel":1,"minecraft:shield":1,"minecraft:stick":16,"minecraft:iron_ingot":1,"minecraft:stone_pickaxe":1,"minecraft:wooden_axe":2,"minecraft:white_bed":1},"minecraft:used":{"minecraft:water_bucket":3,"basicweapons:stone_dagger":42,"minecraft:rotten_flesh":3,"minecraft:dirt":19,"minecraft:crafting_table":4,"minecraft:white_bed":1,"minecraft:spruce_log":1,"minecraft:wooden_axe":52,"biomesoplenty:pine_sapling":10,"biomesoplenty:pine_planks":3,"minecraft:beef":1,"toughasnails:leather_water_canteen":51,"minecraft:furnace":1,"minecraft:cooked_porkchop":2,"azurepaxels:wooden_paxel":59,"minecraft:egg":1,"azurepaxels:stone_paxel":41,"toughasnails:empty_leather_canteen":1},"minecraft:killed":{"minecraft:pig":4,"minecraft:sheep":4,"minecraft:goat":1,"minecraft:cow":4},"minecraft:custom":{"minecraft:interact_with_furnace":5,"minecraft:mob_kills":14,"minecraft:interact_with_crafting_table":8,"minecraft:damage_dealt_resisted":289,"minecraft:leave_game":3,"minecraft:time_since_death":54129,"minecraft:sleep_in_bed":1,"minecraft:time_since_rest":33162,"minecraft:sprint_one_cm":45414,"minecraft:damage_taken":115,"minecraft:walk_one_cm":39741,"minecraft:damage_dealt":1476,"minecraft:damage_dealt_absorbed":209,"minecraft:fly_one_cm":149346,"minecraft:crouch_one_cm":3570,"minecraft:play_time":54129,"minecraft:sneak_time":1472,"minecraft:jump":709,"minecraft:walk_on_water_one_cm":439,"minecraft:total_world_time":54129,"minecraft:fall_one_cm":26565},"minecraft:picked_up":{"minecraft:crafting_table":4,"minecraft:leather":5,"biomesoplenty:pine_log":34,"minecraft:dirt":17,"minecraft:wheat_seeds":4,"minecraft:iron_ingot":1,"minecraft:beef":7,"minecraft:egg":1,"minecraft:furnace":1,"biomesoplenty:pine_sapling":18,"minecraft:stick":7,"minecraft:raw_iron":12,"biomesoplenty:pine_planks":3,"minecraft:porkchop":5,"minecraft:white_bed":1,"minecraft:spruce_log":2,"minecraft:rotten_flesh":3,"minecraft:mutton":8,"minecraft:coal":84,"minecraft:white_wool":4,"minecraft:cobblestone":17}},"DataVersion":3953}