{"stats":{"minecraft:mined":{"minecraft:tall_grass":3},"minecraft:picked_up":{"minecraft:dirt":24},"minecraft:used":{"minecraft:grass_block":24},"minecraft:custom":{"minecraft:jump":27,"minecraft:time_since_rest":3767,"minecraft:damage_dealt":10,"minecraft:crouch_one_cm":964,"minecraft:leave_game":3,"minecraft:play_time":3767,"minecraft:sprint_one_cm":1269,"minecraft:damage_taken":73,"minecraft:time_since_death":3767,"minecraft:walk_one_cm":1816,"minecraft:sneak_time":248,"minecraft:total_world_time":3767,"minecraft:fall_one_cm":418,"minecraft:fly_one_cm":41679,"minecraft:horse_one_cm":1318}},"DataVersion":3953}