{"stats":{"minecraft:picked_up":{"biomesoplenty:pine_sapling":11,"minecraft:crafting_table":1,"minecraft:stick":5,"biomesoplenty:pine_log":24},"minecraft:custom":{"minecraft:time_since_rest":6289,"minecraft:crouch_one_cm":718,"minecraft:sprint_one_cm":4159,"minecraft:play_time":6289,"minecraft:walk_one_cm":6241,"minecraft:sneak_time":162,"minecraft:jump":86,"minecraft:leave_game":2,"minecraft:time_since_death":6289,"minecraft:total_world_time":6289,"minecraft:interact_with_crafting_table":1,"minecraft:fall_one_cm":2152,"minecraft:fly_one_cm":8106},"minecraft:crafted":{"minecraft:crafting_table":1,"minecraft:stick":8,"biomesoplenty:pine_planks":32,"minecraft:wooden_axe":1},"minecraft:used":{"minecraft:wooden_axe":20,"biomesoplenty:pine_sapling":8,"minecraft:crafting_table":1},"minecraft:mined":{"minecraft:short_grass":2,"biomesoplenty:pine_log":24,"biomesoplenty:pine_sapling":8,"biomesoplenty:pine_leaves":3,"minecraft:crafting_table":1}},"DataVersion":3953}