{"stats":{"minecraft:mined":{"minecraft:podzol":4,"biomesoplenty:pine_log":263,"minecraft:furnace":1,"minecraft:birch_log":25,"croptopia:strawberry_crop":1,"minecraft:smoker":1,"minecraft:spruce_log":4,"minecraft:crafting_table":4,"minecraft:short_grass":4,"minecraft:grass_block":5,"biomesoplenty:high_grass":3,"minecraft:dirt":19,"biomesoplenty:high_grass_plant":2,"minecraft:tall_grass":1,"minecraft:spruce_leaves":2,"minecraft:stone":53},"minecraft:broken":{"minecraft:stone_axe":2},"minecraft:crafted":{"minecraft:cooked_beef":3,"minecraft:charcoal":3,"minecraft:cooked_porkchop":4,"minecraft:crafting_table":3,"biomesoplenty:pine_planks":52,"minecraft:stick":8,"minecraft:wooden_pickaxe":1,"minecraft:stone_pickaxe":1,"minecraft:furnace":3,"minecraft:stone_axe":3,"toughasnails:empty_leather_canteen":1,"minecraft:air":0,"minecraft:smoker":1},"minecraft:used":{"minecraft:stone_pickaxe":54,"minecraft:wooden_pickaxe":11,"minecraft:stone_axe":335,"minecraft:dirt":27,"toughasnails:leather_water_canteen":20,"minecraft:crafting_table":7,"minecraft:furnace":2,"minecraft:cooked_porkchop":4,"croptopia:strawberry":1,"toughasnails:empty_leather_canteen":1,"minecraft:smoker":2,"minecraft:spruce_log":1},"minecraft:killed":{"minecraft:pig":7,"minecraft:cow":5,"minecraft:sheep":6},"minecraft:picked_up":{"biomesoplenty:pine_sapling":19,"minecraft:charcoal":9,"minecraft:stick":9,"minecraft:crafting_table":4,"biomesoplenty:pine_planks":8,"minecraft:brown_wool":1,"minecraft:leather":4,"minecraft:smoker":1,"minecraft:porkchop":9,"biomesoplenty:pine_log":203,"minecraft:spruce_log":1,"croptopia:strawberry":1,"minecraft:dirt":28,"croptopia:strawberry_seed":1,"minecraft:wheat_seeds":1,"minecraft:beef":10,"minecraft:birch_sapling":1,"minecraft:birch_log":16,"minecraft:white_wool":5,"minecraft:mutton":10,"minecraft:cobblestone":53,"minecraft:furnace":1},"minecraft:custom":{"minecraft:time_since_rest":27678,"minecraft:interact_with_furnace":7,"minecraft:sprint_one_cm":27286,"minecraft:damage_taken":210,"minecraft:walk_one_cm":90021,"minecraft:mob_kills":18,"minecraft:damage_dealt":1610,"minecraft:swim_one_cm":7039,"minecraft:interact_with_crafting_table":9,"minecraft:fly_one_cm":36749,"minecraft:crouch_one_cm":137,"minecraft:play_time":27678,"minecraft:sneak_time":193,"minecraft:walk_under_water_one_cm":10939,"minecraft:jump":370,"minecraft:walk_on_water_one_cm":10341,"minecraft:time_since_death":27678,"minecraft:interact_with_smoker":6,"minecraft:total_world_time":27678,"minecraft:fall_one_cm":4619}},"DataVersion":3953}