{"stats":{"minecraft:mined":{"minecraft:podzol":4,"minecraft:smoker":2,"croptopia:strawberry_crop":1,"minecraft:crafting_table":4,"minecraft:short_grass":6,"minecraft:grass_block":6,"biomesoplenty:high_grass_plant":2,"minecraft:tall_grass":1,"minecraft:spruce_leaves":2,"biomesoplenty:pine_log":263,"minecraft:furnace":1,"minecraft:birch_log":25,"minecraft:spruce_log":4,"croptopia:apple_crop":5,"biomesoplenty:high_grass":3,"minecraft:dirt":27,"minecraft:stone":53},"minecraft:broken":{"minecraft:stone_axe":2},"minecraft:crafted":{"minecraft:cooked_beef":10,"minecraft:cooked_porkchop":6,"minecraft:crafting_table":3,"biomesoplenty:pine_planks":52,"minecraft:wooden_pickaxe":1,"minecraft:furnace":3,"minecraft:stone_axe":3,"toughasnails:empty_leather_canteen":1,"minecraft:cooked_mutton":16,"minecraft:air":0,"minecraft:charcoal":3,"minecraft:stick":8,"minecraft:stone_pickaxe":1,"minecraft:smoker":1},"minecraft:dropped":{"minecraft:wheat_seeds":1,"croptopia:strawberry_seed":1,"minecraft:brown_wool":1,"biomesoplenty:pine_sapling":19,"minecraft:wooden_pickaxe":1,"minecraft:white_wool":5},"minecraft:used":{"minecraft:cooked_mutton":1,"minecraft:stone_pickaxe":55,"minecraft:wooden_pickaxe":11,"minecraft:dirt":35,"minecraft:crafting_table":7,"minecraft:spruce_log":1,"minecraft:smoker":3,"minecraft:birch_sapling":1,"minecraft:stone_axe":343,"toughasnails:leather_water_canteen":26,"minecraft:furnace":2,"minecraft:cooked_porkchop":4,"croptopia:strawberry":1,"toughasnails:empty_leather_canteen":1},"minecraft:killed":{"minecraft:pig":9,"minecraft:sheep":10,"minecraft:cow":5},"minecraft:custom":{"minecraft:interact_with_furnace":7,"minecraft:mob_kills":24,"minecraft:interact_with_crafting_table":9,"minecraft:time_since_death":35117,"minecraft:time_since_rest":35117,"minecraft:sprint_one_cm":36371,"minecraft:damage_taken":210,"minecraft:walk_one_cm":106661,"minecraft:drop":6,"minecraft:damage_dealt":2130,"minecraft:swim_one_cm":7039,"minecraft:fly_one_cm":43891,"minecraft:crouch_one_cm":555,"minecraft:play_time":35117,"minecraft:sneak_time":363,"minecraft:walk_under_water_one_cm":10939,"minecraft:jump":488,"minecraft:walk_on_water_one_cm":10341,"minecraft:total_world_time":35117,"minecraft:interact_with_smoker":21,"minecraft:fall_one_cm":5840},"minecraft:picked_up":{"minecraft:birch_log":23,"minecraft:charcoal":15,"minecraft:crafting_table":4,"minecraft:leather":4,"minecraft:brown_wool":2,"minecraft:smoker":2,"biomesoplenty:pine_log":203,"minecraft:dirt":37,"minecraft:apple":5,"minecraft:wheat_seeds":1,"minecraft:beef":10,"minecraft:birch_sapling":3,"minecraft:furnace":1,"biomesoplenty:pine_sapling":19,"minecraft:stick":9,"biomesoplenty:pine_planks":8,"minecraft:cooked_porkchop":5,"minecraft:porkchop":11,"minecraft:spruce_log":1,"croptopia:strawberry":1,"croptopia:strawberry_seed":1,"minecraft:black_wool":1,"minecraft:mutton":16,"minecraft:cobblestone":53,"minecraft:white_wool":7}},"DataVersion":3953}