{"stats":{"minecraft:killed_by":{"minecraft:skeleton":1,"minecraft:spider":1},"minecraft:mined":{"croptopia:cantaloupe_crop":2,"croptopia:barley_crop":1,"minecraft:brown_mushroom":2,"minecraft:birch_log":26,"minecraft:sweet_berry_bush":5,"croptopia:tomatillo_crop":1,"minecraft:spruce_log":7,"croptopia:blueberry_crop":1,"croptopia:tomato_crop":1,"minecraft:crafting_table":1,"minecraft:short_grass":8,"minecraft:allium":1,"minecraft:grass_block":1,"minecraft:flowering_azalea_leaves":1,"minecraft:gravel":1,"minecraft:dirt":1,"croptopia:raspberry_crop":1,"minecraft:spruce_leaves":9,"minecraft:large_fern":1},"minecraft:crafted":{"basicweapons:wooden_dagger":1,"minecraft:crafting_table":2,"minecraft:spruce_planks":28,"minecraft:stick":4,"minecraft:wooden_axe":1,"minecraft:birch_planks":20},"minecraft:dropped":{"minecraft:sweet_berries":2},"minecraft:used":{"minecraft:wooden_axe":24,"basicweapons:wooden_dagger":3,"croptopia:tomatillo":1,"minecraft:gravel":1,"minecraft:dirt":2,"minecraft:mutton":3,"minecraft:sweet_berries":7,"minecraft:crafting_table":1},"minecraft:killed":{"minecraft:sheep":3},"minecraft:picked_up":{"minecraft:birch_log":47,"minecraft:stick":5,"minecraft:crafting_table":2,"minecraft:allium":1,"croptopia:barley_seed":1,"minecraft:sweet_berries":9,"croptopia:tomatillo_seed":2,"minecraft:brown_mushroom":2,"minecraft:gravel":1,"minecraft:spruce_sapling":3,"minecraft:spruce_log":7,"croptopia:blueberry_seed":2,"minecraft:dirt":2,"croptopia:cantaloupe":1,"croptopia:cantaloupe_seed":3,"croptopia:barley":2,"croptopia:tomato_seed":1,"minecraft:wheat_seeds":1,"croptopia:tomatillo":1,"croptopia:raspberry_seed":1,"croptopia:raspberry":1,"croptopia:tomato":1,"croptopia:blueberry":1,"basicweapons:wooden_dagger":1,"minecraft:mutton":4,"minecraft:birch_sapling":9,"minecraft:white_wool":3,"minecraft:wooden_axe":1},"minecraft:custom":{"minecraft:time_since_rest":2424,"minecraft:sprint_one_cm":126052,"minecraft:damage_taken":860,"minecraft:walk_one_cm":45856,"minecraft:mob_kills":3,"minecraft:drop":1,"minecraft:damage_dealt":256,"minecraft:swim_one_cm":19813,"minecraft:interact_with_crafting_table":1,"minecraft:fly_one_cm":146745,"minecraft:crouch_one_cm":443,"minecraft:play_time":24557,"minecraft:deaths":3,"minecraft:sneak_time":321,"minecraft:walk_under_water_one_cm":4470,"minecraft:jump":754,"minecraft:walk_on_water_one_cm":21143,"minecraft:time_since_death":2369,"minecraft:total_world_time":24557,"minecraft:fall_one_cm":30700}},"DataVersion":3953}