{"stats":{"minecraft:killed_by":{"minecraft:drowned":1,"minecraft:skeleton":2,"minecraft:spider":1},"minecraft:mined":{"croptopia:cantaloupe_crop":2,"croptopia:barley_crop":1,"minecraft:brown_mushroom":2,"minecraft:birch_log":26,"minecraft:sweet_berry_bush":5,"croptopia:tomatillo_crop":1,"minecraft:spruce_log":7,"croptopia:blueberry_crop":1,"croptopia:tomato_crop":1,"minecraft:crafting_table":2,"minecraft:short_grass":8,"minecraft:allium":1,"minecraft:grass_block":1,"minecraft:flowering_azalea_leaves":1,"minecraft:gravel":1,"minecraft:dirt":1,"croptopia:raspberry_crop":1,"minecraft:spruce_leaves":9,"minecraft:large_fern":1},"minecraft:crafted":{"basicweapons:wooden_dagger":1,"minecraft:crafting_table":2,"minecraft:spruce_planks":28,"minecraft:stick":4,"minecraft:birch_boat":1,"minecraft:wooden_axe":1,"minecraft:birch_planks":104},"minecraft:dropped":{"minecraft:sweet_berries":2},"minecraft:used":{"minecraft:wooden_axe":25,"croptopia:tomato":1,"basicweapons:wooden_dagger":3,"minecraft:birch_boat":1,"croptopia:tomatillo":1,"minecraft:gravel":1,"minecraft:dirt":2,"minecraft:mutton":4,"minecraft:sweet_berries":7,"minecraft:crafting_table":2,"croptopia:barley":2,"croptopia:cantaloupe":1,"croptopia:raspberry":1},"minecraft:killed":{"minecraft:sheep":3},"minecraft:picked_up":{"minecraft:birch_log":68,"minecraft:stick":8,"minecraft:crafting_table":4,"minecraft:allium":2,"croptopia:barley_seed":1,"minecraft:sweet_berries":9,"croptopia:tomatillo_seed":2,"minecraft:brown_mushroom":4,"minecraft:gravel":1,"minecraft:spruce_sapling":4,"minecraft:spruce_log":7,"croptopia:blueberry_seed":4,"minecraft:dirt":2,"croptopia:cantaloupe":1,"croptopia:cantaloupe_seed":3,"croptopia:barley":2,"croptopia:tomato_seed":1,"minecraft:wheat_seeds":2,"croptopia:tomatillo":1,"croptopia:raspberry_seed":2,"croptopia:raspberry":2,"croptopia:tomato":1,"croptopia:blueberry":2,"basicweapons:wooden_dagger":2,"minecraft:mutton":5,"minecraft:birch_sapling":9,"minecraft:white_wool":6,"minecraft:wooden_axe":2},"minecraft:custom":{"minecraft:time_since_rest":316,"minecraft:sprint_one_cm":150719,"minecraft:damage_taken":1310,"minecraft:walk_one_cm":53794,"minecraft:mob_kills":3,"minecraft:drop":1,"minecraft:damage_dealt":256,"minecraft:swim_one_cm":29732,"minecraft:interact_with_crafting_table":2,"minecraft:fly_one_cm":181695,"minecraft:open_chest":1,"minecraft:crouch_one_cm":443,"minecraft:play_time":31655,"minecraft:deaths":5,"minecraft:sneak_time":336,"minecraft:walk_under_water_one_cm":5492,"minecraft:boat_one_cm":71212,"minecraft:jump":891,"minecraft:leave_game":1,"minecraft:walk_on_water_one_cm":21560,"minecraft:time_since_death":277,"minecraft:total_world_time":31655,"minecraft:fall_one_cm":36167}},"DataVersion":3953}