{
  "handcrafted:recipes/misc/spruce_counter": {
    "criteria": {
      "has_spruce_counter": "2024-06-26 03:35:24 +0000"
    },
    "done": true
  },
  "mcwtrpdoors:recipes/spruce/spruce_barn_trapdoor": {
    "criteria": {
      "has_logs": "2024-06-26 03:33:52 +0000"
    },
    "done": true
  },
  "croptopia:recipes/beef_jerky": {
    "criteria": {
      "has_salt": "2024-06-26 03:33:46 +0000"
    },
    "done": true
  },
  "minecraft:recipes/decorations/ladder": {
    "criteria": {
      "has_stick": "2024-06-26 03:45:55 +0000"
    },
    "done": true
  },
  "mcwfences:recipes/stone": {
    "criteria": {
      "has_stone": "2024-06-26 03:33:46 +0000"
    },
    "done": true
  },
  "minecraft:recipes/combat/iron_leggings": {
    "criteria": {
      "has_iron_ingot": "2024-06-26 03:58:06 +0000"
    },
    "done": true
  },
  "mcwfences:recipes/end": {
    "criteria": {
      "has_end_brick": "2024-06-26 03:33:46 +0000"
    },
    "done": true
  },
  "croptopia:recipes/sushi": {
    "criteria": {
      "has_rice": "2024-06-26 03:33:46 +0000"
    },
    "done": true
  },
  "croptopia:recipes/spaghetti_squash": {
    "criteria": {
      "has_squash": "2024-06-26 03:33:46 +0000"
    },
    "done": true
  },
  "minecraft:recipes/building_blocks/coarse_dirt": {
    "criteria": {
      "has_gravel": "2024-06-26 03:39:58 +0000"
    },
    "done": true
  },
  "croptopia:recipes/veggie_salad": {
    "criteria": {
      "has_cucumber": "2024-06-26 03:33:46 +0000"
    },
    "done": true
  },
  "more_gems:recipes/combat/corundum_sword": {
    "criteria": {
      "has_stick": "2024-06-26 03:45:55 +0000"
    },
    "done": true
  },
  "more_gems:recipes/misc/alexandrite_hammer": {
    "criteria": {
      "has_stick": "2024-06-26 03:45:55 +0000"
    },
    "done": true
  },
  "croptopia:recipes/chocolate": {
    "criteria": {
      "has_butter": "2024-06-26 03:33:46 +0000"
    },
    "done": true
  },
  "minecraft:recipes/building_blocks/light_gray_concrete_powder": {
    "criteria": {
      "has_gravel": "2024-06-26 03:39:58 +0000"
    },
    "done": true
  },
  "minecraft:recipes/building_blocks/pink_concrete_powder": {
    "criteria": {
      "has_gravel": "2024-06-26 03:39:58 +0000"
    },
    "done": true
  },
  "more_gems:recipes/combat/spinel_sword": {
    "criteria": {
      "has_stick": "2024-06-26 03:45:55 +0000"
    },
    "done": true
  },
  "croptopia:recipes/shaped_kiwi_sorbet": {
    "criteria": {
      "has_kiwi": "2024-06-26 03:33:46 +0000"
    },
    "done": true
  },
  "croptopia:recipes/pork_and_beans": {
    "criteria": {
      "has_beans": "2024-06-26 03:33:46 +0000"
    },
    "done": true
  },
  "croptopia:recipes/candy_corn": {
    "criteria": {
      "has_corn": "2024-06-26 03:33:46 +0000",
      "has_the_recipe": "2024-06-26 03:33:46 +0000"
    },
    "done": true
  },
  "croptopia:recipes/pork_jerky": {
    "criteria": {
      "has_salt": "2024-06-26 03:33:46 +0000"
    },
    "done": true
  },
  "minecraft:recipes/food/cooked_mutton_from_smoking": {
    "criteria": {
      "has_mutton": "2024-06-26 03:47:29 +0000"
    },
    "done": true
  },
  "minecraft:recipes/misc/blue_dye": {
    "criteria": {
      "has_lapis_lazuli": "2024-06-26 03:58:09 +0000"
    },
    "done": true
  },
  "croptopia:recipes/shaped_roasted_asparagus": {
    "criteria": {
      "has_olive_oil": "2024-06-26 03:33:46 +0000",
      "has_asparagus": "2024-06-26 03:33:46 +0000"
    },
    "done": true
  },
  "more_gems:recipes/misc/kunzite_pickaxe": {
    "criteria": {
      "has_stick": "2024-06-26 03:45:55 +0000"
    },
    "done": true
  },
  "minecraft:recipes/redstone/birch_button": {
    "criteria": {
      "has_planks": "2024-06-26 03:45:57 +0000"
    },
    "done": true
  },
  "more_gems:recipes/misc/citrine_shovel": {
    "criteria": {
      "has_stick": "2024-06-26 03:45:55 +0000"
    },
    "done": true
  },
  "croptopia:knife": {
    "criteria": {
      "knife": "2024-06-26 03:33:46 +0000"
    },
    "done": true
  },
  "mcwholidays:recipes/happy_ghost": {
    "criteria": {
      "has_planks": "2024-06-26 03:47:29 +0000"
    },
    "done": true
  },
  "more_gems:recipes/combat/corundum_arrow": {
    "criteria": {
      "has_stick": "2024-06-26 03:45:55 +0000"
    },
    "done": true
  },
  "mcwtrpdoors:recipes/metal/metal_warning_trapdoor": {
    "criteria": {
      "has_logs": "2024-06-26 03:58:06 +0000"
    },
    "done": true
  },
  "more_gems:recipes/misc/corundum_shovel": {
    "criteria": {
      "has_stick": "2024-06-26 03:45:55 +0000"
    },
    "done": true
  },
  "croptopia:recipes/shaped_fish_and_chips": {
    "criteria": {
      "has_flour": "2024-06-26 03:33:46 +0000"
    },
    "done": true
  },
  "croptopia:recipes/fajitas": {
    "criteria": {
      "has_bellpepper": "2024-06-26 03:33:46 +0000"
    },
    "done": true
  },
  "handcrafted:recipes/misc/birch_couch": {
    "criteria": {
      "has_birch_couch": "2024-06-26 03:45:57 +0000"
    },
    "done": true
  },
  "more_gems:recipes/misc/topaz_shovel": {
    "criteria": {
      "has_stick": "2024-06-26 03:45:55 +0000"
    },
    "done": true
  },
  "croptopia:recipes/stuffed_poblanos": {
    "criteria": {
      "has_corn": "2024-06-26 03:33:46 +0000",
      "has_beans": "2024-06-26 03:33:46 +0000",
      "has_beef": "2024-06-26 03:33:46 +0000",
      "has_the_recipe": "2024-06-26 03:33:46 +0000"
    },
    "done": true
  },
  "minecraft:recipes/combat/iron_chestplate": {
    "criteria": {
      "has_iron_ingot": "2024-06-26 03:58:06 +0000"
    },
    "done": true
  },
  "more_gems:recipes/misc/citrine_excavator": {
    "criteria": {
      "has_stick": "2024-06-26 03:45:55 +0000"
    },
    "done": true
  },
  "minecraft:recipes/building_blocks/red_concrete_powder": {
    "criteria": {
      "has_gravel": "2024-06-26 03:39:58 +0000"
    },
    "done": true
  },
  "mcwtrpdoors:recipes/print_cottage": {
    "criteria": {
      "has_logs": "2024-06-26 03:33:52 +0000"
    },
    "done": true
  },
  "more_gems:recipes/misc/spinel_excavator": {
    "criteria": {
      "has_stick": "2024-06-26 03:45:55 +0000"
    },
    "done": true
  },
  "croptopia:getsapling": {
    "criteria": {
      "has_sapling": "2024-06-26 03:33:46 +0000"
    },
    "done": true
  },
  "croptopia:recipes/almond_brittle": {
    "criteria": {
      "has_almond": "2024-06-26 03:33:46 +0000"
    },
    "done": true
  },
  "croptopia:recipes/pepperoni": {
    "criteria": {
      "has_pepper": "2024-06-26 03:33:46 +0000"
    },
    "done": true
  },
  "mcwtrpdoors:recipes/spruce/spruce_mystic_trapdoor": {
    "criteria": {
      "has_logs": "2024-06-26 03:33:52 +0000"
    },
    "done": true
  },
  "minecraft:recipes/building_blocks/lapis_block": {
    "criteria": {
      "has_lapis_lazuli": "2024-06-26 03:58:09 +0000"
    },
    "done": true
  },
  "croptopia:eatbig": {
    "criteria": {
      "eat_big": "2024-06-26 03:48:15 +0000"
    },
    "done": true
  },
  "mcwfences:recipes/dark_oak": {
    "criteria": {
      "has_dark_oak": "2024-06-26 03:33:46 +0000"
    },
    "done": true
  },
  "croptopia:recipes/pizza": {
    "criteria": {
      "has_dough": "2024-06-26 03:33:46 +0000"
    },
    "done": true
  },
  "more_gems:recipes/misc/carbonado_shovel": {
    "criteria": {
      "has_stick": "2024-06-26 03:45:55 +0000"
    },
    "done": true
  },
  "croptopia:recipes/food/beef_jerky": {
    "criteria": {
      "has_the_recipe": "2024-06-26 03:33:46 +0000"
    },
    "done": true
  },
  "biomesoplenty:recipes/transportation/willow_boat": {
    "criteria": {
      "in_water": "2024-06-26 03:38:59 +0000"
    },
    "done": true
  },
  "toughasnails:recipes/tools/empty_iron_canteen": {
    "criteria": {
      "has_iron_ingot": "2024-06-26 03:58:06 +0000"
    },
    "done": true
  },
  "croptopia:recipes/shaped_roasted_radishes": {
    "criteria": {
      "has_olive_oil": "2024-06-26 03:33:46 +0000",
      "has_radish": "2024-06-26 03:33:46 +0000"
    },
    "done": true
  },
  "minecraft:recipes/misc/iron_nugget": {
    "criteria": {
      "has_iron_ingot": "2024-06-26 03:58:06 +0000"
    },
    "done": true
  },
  "minecraft:recipes/building_blocks/brown_concrete_powder": {
    "criteria": {
      "has_gravel": "2024-06-26 03:39:58 +0000"
    },
    "done": true
  },
  "croptopia:recipes/burrito": {
    "criteria": {
      "has_beans": "2024-06-26 03:33:46 +0000",
      "has_tortilla": "2024-06-26 03:33:46 +0000"
    },
    "done": true
  },
  "croptopia:recipes/soy_milk": {
    "criteria": {
      "has_soybean": "2024-06-26 03:33:46 +0000"
    },
    "done": true
  },
  "more_gems:recipes/misc/tourmaline_excavator": {
    "criteria": {
      "has_stick": "2024-06-26 03:45:55 +0000"
    },
    "done": true
  },
  "minecraft:recipes/misc/bucket": {
    "criteria": {
      "has_iron_ingot": "2024-06-26 03:58:06 +0000"
    },
    "done": true
  },
  "more_gems:recipes/misc/sapphire_hammer": {
    "criteria": {
      "has_stick": "2024-06-26 03:45:55 +0000"
    },
    "done": true
  },
  "minecraft:recipes/building_blocks/light_blue_concrete_powder": {
    "criteria": {
      "has_gravel": "2024-06-26 03:39:58 +0000"
    },
    "done": true
  },
  "minecraft:recipes/combat/iron_helmet": {
    "criteria": {
      "has_iron_ingot": "2024-06-26 03:58:06 +0000"
    },
    "done": true
  },
  "more_gems:recipes/misc/carbonado_excavator": {
    "criteria": {
      "has_stick": "2024-06-26 03:45:55 +0000"
    },
    "done": true
  },
  "minecraft:recipes/transportation/minecart": {
    "criteria": {
      "has_iron_ingot": "2024-06-26 03:58:06 +0000"
    },
    "done": true
  },
  "more_gems:recipes/misc/moissanite_hoe": {
    "criteria": {
      "has_stick": "2024-06-26 03:45:55 +0000"
    },
    "done": true
  },
  "minecraft:recipes/tools/iron_hoe": {
    "criteria": {
      "has_iron_ingot": "2024-06-26 03:58:06 +0000"
    },
    "done": true
  },
  "minecraft:recipes/building_blocks/green_concrete_powder": {
    "criteria": {
      "has_gravel": "2024-06-26 03:39:58 +0000"
    },
    "done": true
  },
  "more_gems:recipes/combat/sapphire_sword": {
    "criteria": {
      "has_stick": "2024-06-26 03:45:55 +0000"
    },
    "done": true
  },
  "more_gems:recipes/misc/kunzite_hammer": {
    "criteria": {
      "has_stick": "2024-06-26 03:45:55 +0000"
    },
    "done": true
  },
  "biomesoplenty:recipes/transportation/jacaranda_chest_boat": {
    "criteria": {
      "has_boat": "2024-06-26 03:55:55 +0000"
    },
    "done": true
  },
  "mcwfences:recipes/crimson": {
    "criteria": {
      "has_crimson": "2024-06-26 03:33:46 +0000"
    },
    "done": true
  },
  "mcwfences:recipes/prismarine": {
    "criteria": {
      "has_qq": "2024-06-26 03:33:46 +0000"
    },
    "done": true
  },
  "minecraft:recipes/misc/bowl": {
    "criteria": {
      "has_brown_mushroom": "2024-06-26 03:50:35 +0000"
    },
    "done": true
  },
  "croptopia:recipes/carnitas": {
    "criteria": {
      "has_tortilla": "2024-06-26 03:33:46 +0000"
    },
    "done": true
  },
  "mcwfences:recipes/quartz": {
    "criteria": {
      "has_qq": "2024-06-26 03:33:46 +0000"
    },
    "done": true
  },
  "croptopia:recipes/olive_oil": {
    "criteria": {
      "has_olives": "2024-06-26 03:33:46 +0000"
    },
    "done": true
  },
  "minecraft:recipes/redstone/birch_door": {
    "criteria": {
      "has_planks": "2024-06-26 03:45:57 +0000"
    },
    "done": true
  },
  "croptopia:recipes/brownies": {
    "criteria": {
      "has_chocolate": "2024-06-26 03:33:46 +0000"
    },
    "done": true
  },
  "biomesoplenty:recipes/transportation/pine_chest_boat": {
    "criteria": {
      "has_boat": "2024-06-26 03:55:55 +0000"
    },
    "done": true
  },
  "minecraft:recipes/decorations/birch_fence": {
    "criteria": {
      "has_planks": "2024-06-26 03:45:57 +0000"
    },
    "done": true
  },
  "handcrafted:recipes/misc/hammer": {
    "criteria": {
      "has_hammer": "2024-06-26 03:58:06 +0000"
    },
    "done": true
  },
  "croptopia:recipes/campfire_raisins": {
    "criteria": {
      "has_grapes": "2024-06-26 03:33:46 +0000"
    },
    "done": true
  },
  "more_gems:recipes/combat/topaz_sword": {
    "criteria": {
      "has_stick": "2024-06-26 03:45:55 +0000"
    },
    "done": true
  },
  "minecraft:recipes/tools/wooden_axe": {
    "criteria": {
      "has_stick": "2024-06-26 03:45:55 +0000"
    },
    "done": true
  },
  "minecraft:recipes/decorations/spruce_sign": {
    "criteria": {
      "has_planks": "2024-06-26 03:35:24 +0000"
    },
    "done": true
  },
  "handcrafted:recipes/misc/birch_shelf": {
    "criteria": {
      "has_birch_shelf": "2024-06-26 03:45:57 +0000"
    },
    "done": true
  },
  "more_gems:recipes/misc/corundum_axe": {
    "criteria": {
      "has_stick": "2024-06-26 03:45:55 +0000"
    },
    "done": true
  },
  "mcwfences:recipes/sandstone": {
    "criteria": {
      "has_sand": "2024-06-26 03:33:46 +0000"
    },
    "done": true
  },
  "more_gems:recipes/misc/spinel_hoe": {
    "criteria": {
      "has_stick": "2024-06-26 03:45:55 +0000"
    },
    "done": true
  },
  "croptopia:recipes/shaped_tea": {
    "criteria": {
      "has_tea_seed": "2024-06-26 03:33:46 +0000"
    },
    "done": true
  },
  "mcwtrpdoors:recipes/spruce/spruce_blossom_trapdoor": {
    "criteria": {
      "has_plankss": "2024-06-26 03:35:24 +0000"
    },
    "done": true
  },
  "minecraft:recipes/decorations/painting": {
    "criteria": {
      "has_wool": "2024-06-26 03:47:29 +0000"
    },
    "done": true
  },
  "minecraft:basicweapons/got_iron_ingot": {
    "criteria": {
      "got_iron_ingot": "2024-06-26 03:58:06 +0000"
    },
    "done": true
  },
  "more_gems:recipes/combat/alexandrite_sword": {
    "criteria": {
      "has_stick": "2024-06-26 03:45:55 +0000"
    },
    "done": true
  },
  "croptopia:recipes/leafy_salad": {
    "criteria": {
      "has_kale": "2024-06-26 03:33:46 +0000",
      "has_lettuce": "2024-06-26 03:33:46 +0000",
      "has_spinach": "2024-06-26 03:33:46 +0000"
    },
    "done": true
  },
  "minecraft:recipes/building_blocks/blue_concrete_powder": {
    "criteria": {
      "has_gravel": "2024-06-26 03:39:58 +0000"
    },
    "done": true
  },
  "croptopia:recipes/dough": {
    "criteria": {
      "has_flour": "2024-06-26 03:33:46 +0000"
    },
    "done": true
  },
  "mcwholidays:recipes/skeleton_balloon": {
    "criteria": {
      "has_planks": "2024-06-26 03:47:29 +0000"
    },
    "done": true
  },
  "more_gems:recipes/misc/alexandrite_hoe": {
    "criteria": {
      "has_stick": "2024-06-26 03:45:55 +0000"
    },
    "done": true
  },
  "croptopia:recipes/misc/barley_seed": {
    "criteria": {
      "has_barley": "2024-06-26 03:52:31 +0000"
    },
    "done": true
  },
  "croptopia:recipes/shaped_cheesy_asparagus": {
    "criteria": {
      "has_asparagus": "2024-06-26 03:33:46 +0000"
    },
    "done": true
  },
  "minecraft:recipes/transportation/spruce_chest_boat": {
    "criteria": {
      "has_boat": "2024-06-26 03:55:55 +0000"
    },
    "done": true
  },
  "more_gems:recipes/misc/tourmaline_hammer": {
    "criteria": {
      "has_stick": "2024-06-26 03:45:55 +0000"
    },
    "done": true
  },
  "croptopia:recipes/rum": {
    "criteria": {
      "has_molasses": "2024-06-26 03:33:46 +0000"
    },
    "done": true
  },
  "croptopia:recipes/shaped_figgy_pudding": {
    "criteria": {
      "has_fig": "2024-06-26 03:33:46 +0000",
      "has_date": "2024-06-26 03:33:46 +0000"
    },
    "done": true
  },
  "croptopia:recipes/limeade": {
    "criteria": {
      "has_lime": "2024-06-26 03:33:46 +0000"
    },
    "done": true
  },
  "mcwtrpdoors:recipes/spruce/spruce_paper_trapdoor": {
    "criteria": {
      "has_logs": "2024-06-26 03:33:52 +0000"
    },
    "done": true
  },
  "croptopia:recipes/shaped_roasted_squash": {
    "criteria": {
      "has_olive_oil": "2024-06-26 03:33:46 +0000",
      "has_squash": "2024-06-26 03:33:46 +0000"
    },
    "done": true
  },
  "more_gems:recipes/misc/kunzite_shovel": {
    "criteria": {
      "has_stick": "2024-06-26 03:45:55 +0000"
    },
    "done": true
  },
  "more_gems:recipes/combat/kunzite_sword": {
    "criteria": {
      "has_stick": "2024-06-26 03:45:55 +0000"
    },
    "done": true
  },
  "handcrafted:recipes/misc/spruce_table": {
    "criteria": {
      "has_spruce_table": "2024-06-26 03:35:24 +0000"
    },
    "done": true
  },
  "croptopia:recipes/raisin_oatmeal_cookie": {
    "criteria": {
      "has_raisins": "2024-06-26 03:33:46 +0000"
    },
    "done": true
  },
  "mcwfences:recipes/acacia": {
    "criteria": {
      "has_acacia": "2024-06-26 03:33:46 +0000"
    },
    "done": true
  },
  "more_gems:recipes/misc/carbonado_axe": {
    "criteria": {
      "has_stick": "2024-06-26 03:45:55 +0000"
    },
    "done": true
  },
  "mcwlights:recipes/lava_lamp": {
    "criteria": {
      "has_wood": "2024-06-26 03:58:06 +0000"
    },
    "done": true
  },
  "croptopia:recipes/shaped_shepherds_pie": {
    "criteria": {
      "has_corn": "2024-06-26 03:33:46 +0000"
    },
    "done": true
  },
  "mcwtrpdoors:recipes/birch/birch_ranch_trapdoor": {
    "criteria": {
      "has_logs": "2024-06-26 03:45:38 +0000"
    },
    "done": true
  },
  "more_gems:recipes/misc/moissanite_excavator": {
    "criteria": {
      "has_stick": "2024-06-26 03:45:55 +0000"
    },
    "done": true
  },
  "croptopia:recipes/chocolate_milkshake": {
    "criteria": {
      "has_chocolate": "2024-06-26 03:33:46 +0000"
    },
    "done": true
  },
  "minecraft:story/smelt_iron": {
    "criteria": {
      "iron": "2024-06-26 03:58:06 +0000"
    },
    "done": true
  },
  "croptopia:recipes/saucy_chips": {
    "criteria": {
      "has_sauce": "2024-06-26 03:33:46 +0000"
    },
    "done": true
  },
  "croptopia:recipes/tofu": {
    "criteria": {
      "has_soybean": "2024-06-26 03:33:46 +0000"
    },
    "done": true
  },
  "croptopia:recipes/tofuburger": {
    "criteria": {
      "has_tofu": "2024-06-26 03:33:46 +0000"
    },
    "done": true
  },
  "croptopia:recipes/fruit_smoothie": {
    "criteria": {
      "has_milk": "2024-06-26 03:33:46 +0000",
      "has_fruit": "2024-06-26 03:33:46 +0000"
    },
    "done": true
  },
  "minecraft:recipes/decorations/crafting_table": {
    "criteria": {
      "unlock_right_away": "2024-06-26 03:32:23 +0000"
    },
    "done": true
  },
  "minecraft:recipes/decorations/chest": {
    "criteria": {
      "has_lots_of_items": "2024-06-26 03:49:24 +0000"
    },
    "done": true
  },
  "minecraft:recipes/tools/shears": {
    "criteria": {
      "has_iron_ingot": "2024-06-26 03:58:06 +0000"
    },
    "done": true
  },
  "minecraft:recipes/misc/stick": {
    "criteria": {
      "has_planks": "2024-06-26 03:35:24 +0000"
    },
    "done": true
  },
  "more_gems:recipes/misc/kunzite_hoe": {
    "criteria": {
      "has_stick": "2024-06-26 03:45:55 +0000"
    },
    "done": true
  },
  "mcwfences:recipes/jungle": {
    "criteria": {
      "has_jungle": "2024-06-26 03:33:46 +0000"
    },
    "done": true
  },
  "croptopia:recipes/coffee": {
    "criteria": {
      "has_coffee": "2024-06-26 03:33:46 +0000"
    },
    "done": true
  },
  "minecraft:recipes/building_blocks/emerald_block": {
    "criteria": {
      "has_emerald": "2024-06-26 03:58:07 +0000"
    },
    "done": true
  },
  "mcwfences:recipes/oak": {
    "criteria": {
      "has_oak": "2024-06-26 03:33:46 +0000"
    },
    "done": true
  },
  "croptopia:recipes/mango_ice_cream": {
    "criteria": {
      "has_mango": "2024-06-26 03:33:46 +0000"
    },
    "done": true
  },
  "croptopia:recipes/cheeseburger": {
    "criteria": {
      "has_beef": "2024-06-26 03:33:46 +0000"
    },
    "done": true
  },
  "more_gems:recipes/misc/tourmaline_shovel": {
    "criteria": {
      "has_stick": "2024-06-26 03:45:55 +0000"
    },
    "done": true
  },
  "minecraft:recipes/transportation/jungle_chest_boat": {
    "criteria": {
      "has_boat": "2024-06-26 03:55:55 +0000"
    },
    "done": true
  },
  "handcrafted:recipes/misc/spruce_shelf": {
    "criteria": {
      "has_spruce_shelf": "2024-06-26 03:35:24 +0000"
    },
    "done": true
  },
  "croptopia:recipes/buttered_toast": {
    "criteria": {
      "has_butter": "2024-06-26 03:33:46 +0000",
      "has_toast": "2024-06-26 03:33:46 +0000"
    },
    "done": true
  },
  "biomesoplenty:recipes/transportation/fir_boat": {
    "criteria": {
      "in_water": "2024-06-26 03:38:59 +0000"
    },
    "done": true
  },
  "minecraft:recipes/transportation/acacia_chest_boat": {
    "criteria": {
      "has_boat": "2024-06-26 03:55:55 +0000"
    },
    "done": true
  },
  "biomesoplenty:biomesoplenty/all_biomes": {
    "criteria": {
      "jade_cliffs": "2024-06-26 03:32:24 +0000",
      "moor": "2024-06-26 03:34:55 +0000",
      "overgrown_greens": "2024-06-26 03:33:15 +0000",
      "rocky_shrubland": "2024-06-26 03:32:45 +0000"
    },
    "done": false
  },
  "croptopia:recipes/nutty_cookie": {
    "criteria": {
      "has_nuts": "2024-06-26 03:33:46 +0000",
      "has_the_recipe": "2024-06-26 03:33:46 +0000"
    },
    "done": true
  },
  "biomesoplenty:recipes/transportation/magic_chest_boat": {
    "criteria": {
      "has_boat": "2024-06-26 03:55:55 +0000"
    },
    "done": true
  },
  "minecraft:recipes/decorations/birch_sign": {
    "criteria": {
      "has_planks": "2024-06-26 03:45:57 +0000"
    },
    "done": true
  },
  "minecraft:recipes/transportation/cherry_boat": {
    "criteria": {
      "in_water": "2024-06-26 03:38:59 +0000"
    },
    "done": true
  },
  "minecraft:recipes/building_blocks/white_concrete_powder": {
    "criteria": {
      "has_gravel": "2024-06-26 03:39:58 +0000"
    },
    "done": true
  },
  "mcwtrpdoors:recipes/spruce/spruce_swamp_trapdoor": {
    "criteria": {
      "has_logs": "2024-06-26 03:33:52 +0000"
    },
    "done": true
  },
  "more_gems:recipes/combat/carbonado_paxel": {
    "criteria": {
      "has_stick": "2024-06-26 03:45:55 +0000"
    },
    "done": true
  },
  "minecraft:recipes/building_blocks/birch_wood": {
    "criteria": {
      "has_log": "2024-06-26 03:45:38 +0000"
    },
    "done": true
  },
  "mcwtrpdoors:recipes/birch/birch_glass_trapdoor": {
    "criteria": {
      "has_logs": "2024-06-26 03:45:38 +0000"
    },
    "done": true
  },
  "minecraft:recipes/decorations/chain": {
    "criteria": {
      "has_iron_ingot": "2024-06-26 03:58:06 +0000"
    },
    "done": true
  },
  "handcrafted:recipes/misc/berry_jam_jar": {
    "criteria": {
      "has_berry_jam_jar": "2024-06-26 03:48:06 +0000"
    },
    "done": true
  },
  "mcwtrpdoors:recipes/birch/birch_barn_trapdoor": {
    "criteria": {
      "has_logs": "2024-06-26 03:45:38 +0000"
    },
    "done": true
  },
  "biomesoplenty:recipes/transportation/umbran_boat": {
    "criteria": {
      "in_water": "2024-06-26 03:38:59 +0000"
    },
    "done": true
  },
  "minecraft:basicweapons/got_sticks": {
    "criteria": {
      "got_sticks": "2024-06-26 03:45:55 +0000"
    },
    "done": true
  },
  "mcwfences:recipes/mud_brick": {
    "criteria": {
      "has_qq": "2024-06-26 03:33:46 +0000"
    },
    "done": true
  },
  "minecraft:recipes/building_blocks/iron_block": {
    "criteria": {
      "has_iron_ingot": "2024-06-26 03:58:06 +0000"
    },
    "done": true
  },
  "mcwfences:recipes/mangrove": {
    "criteria": {
      "has_mangrove": "2024-06-26 03:33:46 +0000"
    },
    "done": true
  },
  "mcwfences:recipes/warped": {
    "criteria": {
      "has_warped": "2024-06-26 03:33:46 +0000"
    },
    "done": true
  },
  "minecraft:recipes/building_blocks/spruce_wood": {
    "criteria": {
      "has_log": "2024-06-26 03:33:52 +0000"
    },
    "done": true
  },
  "croptopia:recipes/horchata": {
    "criteria": {
      "has_almond": "2024-06-26 03:33:46 +0000"
    },
    "done": true
  },
  "handcrafted:recipes/misc/birch_nightstand": {
    "criteria": {
      "has_birch_nightstand": "2024-06-26 03:45:57 +0000"
    },
    "done": true
  },
  "more_gems:recipes/misc/tourmaline_hoe": {
    "criteria": {
      "has_stick": "2024-06-26 03:45:55 +0000"
    },
    "done": true
  },
  "minecraft:recipes/transportation/mangrove_chest_boat": {
    "criteria": {
      "has_boat": "2024-06-26 03:55:55 +0000"
    },
    "done": true
  },
  "croptopia:recipes/shaped_scones": {
    "criteria": {
      "has_vanilla": "2024-06-26 03:33:46 +0000"
    },
    "done": true
  },
  "minecraft:recipes/redstone/birch_fence_gate": {
    "criteria": {
      "has_planks": "2024-06-26 03:45:57 +0000"
    },
    "done": true
  },
  "handcrafted:recipes/misc/birch_table": {
    "criteria": {
      "has_birch_table": "2024-06-26 03:45:57 +0000"
    },
    "done": true
  },
  "croptopia:recipes/shaped_steamed_green_beans": {
    "criteria": {
      "has_green_beans": "2024-06-26 03:33:46 +0000"
    },
    "done": true
  },
  "handcrafted:recipes/misc/birch_fancy_bed": {
    "criteria": {
      "has_birch_fancy_bed": "2024-06-26 03:45:57 +0000"
    },
    "done": true
  },
  "croptopia:recipes/rum_raisin_ice_cream": {
    "criteria": {
      "has_raisin": "2024-06-26 03:33:46 +0000",
      "has_rum": "2024-06-26 03:33:46 +0000"
    },
    "done": true
  },
  "croptopia:recipes/doughnut": {
    "criteria": {
      "has_milk": "2024-06-26 03:33:46 +0000",
      "has_flour": "2024-06-26 03:33:46 +0000"
    },
    "done": true
  },
  "mcwtrpdoors:recipes/birch/birch_beach_trapdoor": {
    "criteria": {
      "has_logs": "2024-06-26 03:45:38 +0000"
    },
    "done": true
  },
  "more_gems:recipes/combat/moissanite_sword": {
    "criteria": {
      "has_stick": "2024-06-26 03:45:55 +0000"
    },
    "done": true
  },
  "biomesoplenty:recipes/transportation/fir_chest_boat": {
    "criteria": {
      "has_boat": "2024-06-26 03:55:55 +0000"
    },
    "done": true
  },
  "mcwtrpdoors:recipes/metal/metal_trapdoor": {
    "criteria": {
      "has_logs": "2024-06-26 03:58:06 +0000"
    },
    "done": true
  },
  "handcrafted:recipes/misc/birch_pillar_trim": {
    "criteria": {
      "has_birch_pillar_trim": "2024-06-26 03:45:57 +0000"
    },
    "done": true
  },
  "mcwfences:recipes/blackstone": {
    "criteria": {
      "has_blackstone": "2024-06-26 03:33:46 +0000"
    },
    "done": true
  },
  "croptopia:recipes/misc/blueberry_jam": {
    "criteria": {
      "has_blueberry": "2024-06-26 03:50:44 +0000"
    },
    "done": true
  },
  "croptopia:recipes/toast_with_jam": {
    "criteria": {
      "has_toast": "2024-06-26 03:33:46 +0000",
      "has_jam": "2024-06-26 03:33:46 +0000"
    },
    "done": true
  },
  "more_gems:recipes/misc/topaz_hoe": {
    "criteria": {
      "has_stick": "2024-06-26 03:45:55 +0000"
    },
    "done": true
  },
  "handcrafted:recipes/misc/white_sheet": {
    "criteria": {
      "has_white_sheet": "2024-06-26 03:47:29 +0000"
    },
    "done": true
  },
  "minecraft:recipes/transportation/bamboo_raft": {
    "criteria": {
      "in_water": "2024-06-26 03:38:59 +0000"
    },
    "done": true
  },
  "biomesoplenty:recipes/transportation/maple_chest_boat": {
    "criteria": {
      "has_boat": "2024-06-26 03:55:55 +0000"
    },
    "done": true
  },
  "minecraft:recipes/decorations/smithing_table": {
    "criteria": {
      "has_iron_ingot": "2024-06-26 03:58:06 +0000"
    },
    "done": true
  },
  "biomesoplenty:recipes/transportation/maple_boat": {
    "criteria": {
      "in_water": "2024-06-26 03:38:59 +0000"
    },
    "done": true
  },
  "toughasnails:recipes/food/sweet_berry_juice": {
    "criteria": {
      "has_sweet_berries": "2024-06-26 03:48:06 +0000"
    },
    "done": true
  },
  "handcrafted:recipes/misc/white_cushion": {
    "criteria": {
      "has_white_cushion": "2024-06-26 03:47:29 +0000"
    },
    "done": true
  },
  "mcwdoors:recipes/birch": {
    "criteria": {
      "has_wood": "2024-06-26 03:45:38 +0000"
    },
    "done": true
  },
  "croptopia:recipes/enchilada": {
    "criteria": {
      "has_tortilla": "2024-06-26 03:33:46 +0000"
    },
    "done": true
  },
  "croptopia:recipes/kale_chips": {
    "criteria": {
      "has_kale": "2024-06-26 03:33:46 +0000"
    },
    "done": true
  },
  "compact_storage:barrel_me_this": {
    "criteria": {
      "got_barrel": "2024-06-26 03:33:46 +0000"
    },
    "done": true
  },
  "biomesoplenty:recipes/transportation/palm_chest_boat": {
    "criteria": {
      "has_boat": "2024-06-26 03:55:55 +0000"
    },
    "done": true
  },
  "more_gems:recipes/misc/citrine_hoe": {
    "criteria": {
      "has_stick": "2024-06-26 03:45:55 +0000"
    },
    "done": true
  },
  "handcrafted:recipes/misc/fox_trophy": {
    "criteria": {
      "has_fox_trophy": "2024-06-26 03:35:24 +0000"
    },
    "done": true
  },
  "more_gems:recipes/misc/sapphire_pickaxe": {
    "criteria": {
      "has_stick": "2024-06-26 03:45:55 +0000"
    },
    "done": true
  },
  "mcwtrpdoors:recipes/birch/birch_blossom_trapdoor": {
    "criteria": {
      "has_plankss": "2024-06-26 03:45:57 +0000"
    },
    "done": true
  },
  "biomesoplenty:recipes/transportation/dead_boat": {
    "criteria": {
      "in_water": "2024-06-26 03:38:59 +0000"
    },
    "done": true
  },
  "croptopia:recipes/chilli_relleno": {
    "criteria": {
      "has_flour": "2024-06-26 03:33:46 +0000"
    },
    "done": true
  },
  "minecraft:recipes/transportation/spruce_boat": {
    "criteria": {
      "in_water": "2024-06-26 03:38:59 +0000"
    },
    "done": true
  },
  "more_gems:recipes/combat/alexandrite_arrow": {
    "criteria": {
      "has_stick": "2024-06-26 03:45:55 +0000"
    },
    "done": true
  },
  "mcwfences:recipes/hedge": {
    "criteria": {
      "has_birch": "2024-06-26 03:33:46 +0000"
    },
    "done": true
  },
  "biomesoplenty:recipes/transportation/redwood_chest_boat": {
    "criteria": {
      "has_boat": "2024-06-26 03:55:55 +0000"
    },
    "done": true
  },
  "minecraft:recipes/building_blocks/birch_slab": {
    "criteria": {
      "has_planks": "2024-06-26 03:45:57 +0000"
    },
    "done": true
  },
  "biomesoplenty:recipes/transportation/magic_boat": {
    "criteria": {
      "in_water": "2024-06-26 03:38:59 +0000"
    },
    "done": true
  },
  "croptopia:recipes/shaped_beef_stir_fry": {
    "criteria": {
      "has_broccoli": "2024-06-26 03:33:46 +0000"
    },
    "done": true
  },
  "croptopia:recipes/oatmeal": {
    "criteria": {
      "has_milk": "2024-06-26 03:33:46 +0000",
      "has_oats": "2024-06-26 03:33:46 +0000"
    },
    "done": true
  },
  "handcrafted:recipes/misc/spruce_couch": {
    "criteria": {
      "has_spruce_couch": "2024-06-26 03:35:24 +0000"
    },
    "done": true
  },
  "minecraft:recipes/transportation/oak_chest_boat": {
    "criteria": {
      "has_boat": "2024-06-26 03:55:55 +0000"
    },
    "done": true
  },
  "minecraft:husbandry/root": {
    "criteria": {
      "consumed_item": "2024-06-26 03:48:15 +0000"
    },
    "done": true
  },
  "croptopia:recipes/shaped_fruit_cake": {
    "criteria": {
      "has_nutmeg": "2024-06-26 03:33:46 +0000"
    },
    "done": true
  },
  "mcwfences:recipes/nether": {
    "criteria": {
      "has_nether_brick": "2024-06-26 03:33:46 +0000"
    },
    "done": true
  },
  "minecraft:recipes/transportation/birch_boat": {
    "criteria": {
      "in_water": "2024-06-26 03:38:59 +0000"
    },
    "done": true
  },
  "toughasnails:recipes/combat/wool_helmet": {
    "criteria": {
      "has_wool": "2024-06-26 03:47:29 +0000"
    },
    "done": true
  },
  "handcrafted:recipes/misc/salmon_trophy": {
    "criteria": {
      "has_salmon_trophy": "2024-06-26 03:35:24 +0000"
    },
    "done": true
  },
  "handcrafted:recipes/misc/spruce_dining_bench": {
    "criteria": {
      "has_spruce_dining_bench": "2024-06-26 03:35:24 +0000"
    },
    "done": true
  },
  "minecraft:recipes/decorations/spruce_fence": {
    "criteria": {
      "has_planks": "2024-06-26 03:35:24 +0000"
    },
    "done": true
  },
  "croptopia:recipes/shaped_grilled_eggplant": {
    "criteria": {
      "has_olive_oil": "2024-06-26 03:33:46 +0000",
      "has_eggplant": "2024-06-26 03:33:46 +0000"
    },
    "done": true
  },
  "minecraft:recipes/decorations/white_carpet": {
    "criteria": {
      "has_white_wool": "2024-06-26 03:47:29 +0000"
    },
    "done": true
  },
  "minecraft:recipes/transportation/cherry_chest_boat": {
    "criteria": {
      "has_boat": "2024-06-26 03:55:55 +0000"
    },
    "done": true
  },
  "croptopia:recipes/shaped_lemon_coconut_bar": {
    "criteria": {
      "has_coconut": "2024-06-26 03:33:46 +0000",
      "has_lemon": "2024-06-26 03:33:46 +0000"
    },
    "done": true
  },
  "biomesoplenty:recipes/transportation/empyreal_chest_boat": {
    "criteria": {
      "has_boat": "2024-06-26 03:55:55 +0000"
    },
    "done": true
  },
  "more_gems:recipes/misc/moissanite_shovel": {
    "criteria": {
      "has_stick": "2024-06-26 03:45:55 +0000"
    },
    "done": true
  },
  "minecraft:recipes/transportation/birch_chest_boat": {
    "criteria": {
      "has_boat": "2024-06-26 03:55:55 +0000"
    },
    "done": true
  },
  "croptopia:recipes/food/pork_jerky": {
    "criteria": {
      "has_the_recipe": "2024-06-26 03:33:46 +0000"
    },
    "done": true
  },
  "minecraft:recipes/transportation/oak_boat": {
    "criteria": {
      "in_water": "2024-06-26 03:38:59 +0000"
    },
    "done": true
  },
  "croptopia:recipes/shaped_chocolate_ice_cream": {
    "criteria": {
      "has_chocolate": "2024-06-26 03:33:46 +0000"
    },
    "done": true
  },
  "more_gems:recipes/misc/carbonado_hammer": {
    "criteria": {
      "has_stick": "2024-06-26 03:45:55 +0000"
    },
    "done": true
  },
  "croptopia:recipes/campfire_baked_yam": {
    "criteria": {
      "has_yam": "2024-06-26 03:33:46 +0000"
    },
    "done": true
  },
  "croptopia:recipes/shaped_sticky_toffee_pudding": {
    "criteria": {
      "has_vanilla": "2024-06-26 03:33:46 +0000",
      "has_date": "2024-06-26 03:33:46 +0000"
    },
    "done": true
  },
  "biomesoplenty:recipes/transportation/redwood_boat": {
    "criteria": {
      "in_water": "2024-06-26 03:38:59 +0000"
    },
    "done": true
  },
  "handcrafted:recipes/misc/silverfish_trophy": {
    "criteria": {
      "has_silverfish_trophy": "2024-06-26 03:35:24 +0000"
    },
    "done": true
  },
  "minecraft:recipes/building_blocks/spruce_slab": {
    "criteria": {
      "has_planks": "2024-06-26 03:35:24 +0000"
    },
    "done": true
  },
  "handcrafted:recipes/misc/tropical_fish_trophy": {
    "criteria": {
      "has_tropical_fish_trophy": "2024-06-26 03:35:24 +0000"
    },
    "done": true
  },
  "more_gems:recipes/misc/tourmaline_pickaxe": {
    "criteria": {
      "has_stick": "2024-06-26 03:45:55 +0000"
    },
    "done": true
  },
  "biomesoplenty:recipes/transportation/dead_chest_boat": {
    "criteria": {
      "has_boat": "2024-06-26 03:55:55 +0000"
    },
    "done": true
  },
  "croptopia:recipes/chicken_and_rice": {
    "criteria": {
      "has_chicken": "2024-06-26 03:33:46 +0000",
      "has_rice": "2024-06-26 03:33:46 +0000"
    },
    "done": true
  },
  "more_gems:recipes/misc/alexandrite_excavator": {
    "criteria": {
      "has_stick": "2024-06-26 03:45:55 +0000"
    },
    "done": true
  },
  "more_gems:recipes/combat/spinel_arrow": {
    "criteria": {
      "has_stick": "2024-06-26 03:45:55 +0000"
    },
    "done": true
  },
  "mcwtrpdoors:recipes/spruce/spruce_glass_trapdoor": {
    "criteria": {
      "has_logs": "2024-06-26 03:33:52 +0000"
    },
    "done": true
  },
  "mcwtrpdoors:recipes/acacia/spruce_bark_trapdoor": {
    "criteria": {
      "has_logs": "2024-06-26 03:33:52 +0000"
    },
    "done": true
  },
  "handcrafted:recipes/misc/birch_dining_bench": {
    "criteria": {
      "has_birch_dining_bench": "2024-06-26 03:45:57 +0000"
    },
    "done": true
  },
  "minecraft:recipes/misc/magenta_dye_from_allium": {
    "criteria": {
      "has_allium": "2024-06-26 03:47:35 +0000"
    },
    "done": true
  },
  "croptopia:recipes/salsa": {
    "criteria": {
      "has_lime": "2024-06-26 03:33:46 +0000"
    },
    "done": true
  },
  "mcwtrpdoors:recipes/spruce/spruce_barrel_trapdoor": {
    "criteria": {
      "has_logs": "2024-06-26 03:33:52 +0000"
    },
    "done": true
  },
  "more_gems:recipes/misc/topaz_pickaxe": {
    "criteria": {
      "has_stick": "2024-06-26 03:45:55 +0000"
    },
    "done": true
  },
  "minecraft:recipes/building_blocks/birch_stairs": {
    "criteria": {
      "has_planks": "2024-06-26 03:45:57 +0000"
    },
    "done": true
  },
  "croptopia:recipes/lemon_chicken": {
    "criteria": {
      "has_lemon": "2024-06-26 03:33:46 +0000"
    },
    "done": true
  },
  "croptopia:recipes/banana_nut_bread": {
    "criteria": {
      "has_banana": "2024-06-26 03:33:46 +0000"
    },
    "done": true
  },
  "handcrafted:recipes/misc/spider_trophy": {
    "criteria": {
      "has_spider_trophy": "2024-06-26 03:35:24 +0000"
    },
    "done": true
  },
  "more_gems:recipes/misc/moissanite_hammer": {
    "criteria": {
      "has_stick": "2024-06-26 03:45:55 +0000"
    },
    "done": true
  },
  "croptopia:recipes/misc/tomato_seed": {
    "criteria": {
      "has_tomato": "2024-06-26 03:53:15 +0000"
    },
    "done": true
  },
  "croptopia:recipes/campfire_popcorn": {
    "criteria": {
      "has_corn": "2024-06-26 03:33:46 +0000"
    },
    "done": true
  },
  "minecraft:recipes/combat/iron_sword": {
    "criteria": {
      "has_iron_ingot": "2024-06-26 03:58:06 +0000"
    },
    "done": true
  },
  "handcrafted:recipes/misc/bear_trophy": {
    "criteria": {
      "has_bear_trophy": "2024-06-26 03:35:24 +0000"
    },
    "done": true
  },
  "minecraft:recipes/building_blocks/lime_concrete_powder": {
    "criteria": {
      "has_gravel": "2024-06-26 03:39:58 +0000"
    },
    "done": true
  },
  "minecraft:recipes/tools/iron_pickaxe": {
    "criteria": {
      "has_iron_ingot": "2024-06-26 03:58:06 +0000"
    },
    "done": true
  },
  "minecraft:recipes/transportation/mangrove_boat": {
    "criteria": {
      "in_water": "2024-06-26 03:38:59 +0000"
    },
    "done": true
  },
  "minecraft:recipes/redstone/spruce_button": {
    "criteria": {
      "has_planks": "2024-06-26 03:35:24 +0000"
    },
    "done": true
  },
  "minecraft:recipes/combat/shield": {
    "criteria": {
      "has_iron_ingot": "2024-06-26 03:58:06 +0000"
    },
    "done": true
  },
  "mcwtrpdoors:recipes/birch/birch_tropical_trapdoor": {
    "criteria": {
      "has_logs": "2024-06-26 03:45:38 +0000"
    },
    "done": true
  },
  "mcwlights:recipes/iron_stuff": {
    "criteria": {
      "has_wood": "2024-06-26 03:58:06 +0000"
    },
    "done": true
  },
  "minecraft:recipes/redstone/hopper": {
    "criteria": {
      "has_iron_ingot": "2024-06-26 03:58:06 +0000"
    },
    "done": true
  },
  "handcrafted:recipes/misc/birch_chair": {
    "criteria": {
      "has_birch_chair": "2024-06-26 03:45:57 +0000"
    },
    "done": true
  },
  "minecraft:recipes/decorations/iron_bars": {
    "criteria": {
      "has_iron_ingot": "2024-06-26 03:58:06 +0000"
    },
    "done": true
  },
  "croptopia:recipes/crema": {
    "criteria": {
      "has_milk": "2024-06-26 03:33:46 +0000",
      "has_lime": "2024-06-26 03:33:46 +0000",
      "has_salt": "2024-06-26 03:33:46 +0000"
    },
    "done": true
  },
  "more_gems:recipes/misc/sapphire_excavator": {
    "criteria": {
      "has_stick": "2024-06-26 03:45:55 +0000"
    },
    "done": true
  },
  "minecraft:recipes/building_blocks/spruce_planks": {
    "criteria": {
      "has_logs": "2024-06-26 03:33:52 +0000"
    },
    "done": true
  },
  "croptopia:recipes/roasted_nuts_from_campfire": {
    "criteria": {
      "has_nut": "2024-06-26 03:33:46 +0000"
    },
    "done": true
  },
  "handcrafted:recipes/misc/spruce_nightstand": {
    "criteria": {
      "has_spruce_nightstand": "2024-06-26 03:35:24 +0000"
    },
    "done": true
  },
  "mcwfences:recipes/bamboo": {
    "criteria": {
      "has_bamboo": "2024-06-26 03:33:46 +0000"
    },
    "done": true
  },
  "minecraft:recipes/transportation/dark_oak_chest_boat": {
    "criteria": {
      "has_boat": "2024-06-26 03:55:55 +0000"
    },
    "done": true
  },
  "croptopia:recipes/cucumber_salad": {
    "criteria": {
      "has_lettuce": "2024-06-26 03:33:46 +0000",
      "has_cucumber": "2024-06-26 03:33:46 +0000"
    },
    "done": true
  },
  "croptopia:recipes/whipping_cream": {
    "criteria": {
      "has_vanilla": "2024-06-26 03:33:46 +0000"
    },
    "done": true
  },
  "croptopia:recipes/lemonade": {
    "criteria": {
      "has_lemon": "2024-06-26 03:33:46 +0000"
    },
    "done": true
  },
  "more_gems:recipes/misc/citrine_axe": {
    "criteria": {
      "has_stick": "2024-06-26 03:45:55 +0000"
    },
    "done": true
  },
  "handcrafted:recipes/misc/pufferfish_trophy": {
    "criteria": {
      "has_pufferfish_trophy": "2024-06-26 03:35:24 +0000"
    },
    "done": true
  },
  "croptopia:recipes/beer": {
    "criteria": {
      "has_hops": "2024-06-26 03:33:46 +0000"
    },
    "done": true
  },
  "minecraft:recipes/building_blocks/orange_concrete_powder": {
    "criteria": {
      "has_gravel": "2024-06-26 03:39:58 +0000"
    },
    "done": true
  },
  "more_gems:recipes/misc/sapphire_axe": {
    "criteria": {
      "has_stick": "2024-06-26 03:45:55 +0000"
    },
    "done": true
  },
  "mcwfences:recipes/deepslate": {
    "criteria": {
      "has_deepslate": "2024-06-26 03:33:46 +0000"
    },
    "done": true
  },
  "croptopia:recipes/egg_roll": {
    "criteria": {
      "has_dough": "2024-06-26 03:33:46 +0000"
    },
    "done": true
  },
  "handcrafted:recipes/misc/spruce_bench": {
    "criteria": {
      "has_spruce_bench": "2024-06-26 03:35:24 +0000"
    },
    "done": true
  },
  "handcrafted:recipes/misc/birch_cupboard": {
    "criteria": {
      "has_birch_cupboard": "2024-06-26 03:45:57 +0000"
    },
    "done": true
  },
  "croptopia:recipes/roasted_nuts": {
    "criteria": {
      "has_nut": "2024-06-26 03:33:46 +0000"
    },
    "done": true
  },
  "croptopia:recipes/tostada": {
    "criteria": {
      "has_beans": "2024-06-26 03:33:46 +0000",
      "has_tortilla": "2024-06-26 03:33:46 +0000"
    },
    "done": true
  },
  "compact_storage:storage_on_the_move": {
    "criteria": {
      "got_backpack": "2024-06-26 03:33:46 +0000"
    },
    "done": true
  },
  "mcwtrpdoors:recipes/spruce/spruce_beach_trapdoor": {
    "criteria": {
      "has_logs": "2024-06-26 03:33:52 +0000"
    },
    "done": true
  },
  "minecraft:recipes/transportation/bamboo_chest_raft": {
    "criteria": {
      "has_boat": "2024-06-26 03:55:55 +0000"
    },
    "done": true
  },
  "minecraft:recipes/combat/iron_boots": {
    "criteria": {
      "has_iron_ingot": "2024-06-26 03:58:06 +0000"
    },
    "done": true
  },
  "minecraft:recipes/building_blocks/birch_planks": {
    "criteria": {
      "has_logs": "2024-06-26 03:45:38 +0000"
    },
    "done": true
  },
  "croptopia:recipes/noodles": {
    "criteria": {
      "has_flour": "2024-06-26 03:33:46 +0000"
    },
    "done": true
  },
  "minecraft:recipes/redstone/spruce_pressure_plate": {
    "criteria": {
      "has_planks": "2024-06-26 03:35:24 +0000"
    },
    "done": true
  },
  "more_gems:recipes/combat/carbonado_arrow": {
    "criteria": {
      "has_stick": "2024-06-26 03:45:55 +0000"
    },
    "done": true
  },
  "croptopia:recipes/kale_smoothie": {
    "criteria": {
      "has_kale": "2024-06-26 03:33:46 +0000"
    },
    "done": true
  },
  "croptopia:recipes/shaped_stuffed_artichoke": {
    "criteria": {
      "has_artichokes": "2024-06-26 03:33:46 +0000"
    },
    "done": true
  },
  "toughasnails:recipes/combat/wool_boots": {
    "criteria": {
      "has_wool": "2024-06-26 03:47:29 +0000"
    },
    "done": true
  },
  "croptopia:recipes/misc/raspberry_jam": {
    "criteria": {
      "has_raspberry": "2024-06-26 03:50:20 +0000"
    },
    "done": true
  },
  "biomesoplenty:recipes/transportation/hellbark_boat": {
    "criteria": {
      "in_water": "2024-06-26 03:38:59 +0000"
    },
    "done": true
  },
  "more_gems:recipes/combat/alexandrite_paxel": {
    "criteria": {
      "has_stick": "2024-06-26 03:45:55 +0000"
    },
    "done": true
  },
  "croptopia:recipes/misc/mango_ice_cream": {
    "criteria": {
      "has_the_recipe": "2024-06-26 03:33:46 +0000"
    },
    "done": true
  },
  "mcwtrpdoors:recipes/cherry/cherry_ranch_trapdoor": {
    "criteria": {
      "has_logs": "2024-06-26 03:33:52 +0000"
    },
    "done": true
  },
  "croptopia:recipes/misc/frying_pan": {
    "criteria": {
      "has_iron": "2024-06-26 03:58:06 +0000"
    },
    "done": true
  },
  "mcwtrpdoors:recipes/print_paper": {
    "criteria": {
      "has_logs": "2024-06-26 03:45:38 +0000"
    },
    "done": true
  },
  "handcrafted:recipes/misc/spruce_pillar_trim": {
    "criteria": {
      "has_spruce_pillar_trim": "2024-06-26 03:35:24 +0000"
    },
    "done": true
  },
  "more_gems:recipes/combat/topaz_paxel": {
    "criteria": {
      "has_stick": "2024-06-26 03:45:55 +0000"
    },
    "done": true
  },
  "croptopia:recipes/shaped_ratatouille": {
    "criteria": {
      "has_squash": "2024-06-26 03:33:46 +0000",
      "has_eggplant": "2024-06-26 03:33:46 +0000"
    },
    "done": true
  },
  "more_gems:recipes/misc/spinel_axe": {
    "criteria": {
      "has_stick": "2024-06-26 03:45:55 +0000"
    },
    "done": true
  },
  "minecraft:recipes/decorations/lantern": {
    "criteria": {
      "has_iron_ingot": "2024-06-26 03:58:06 +0000"
    },
    "done": true
  },
  "biomesoplenty:recipes/transportation/jacaranda_boat": {
    "criteria": {
      "in_water": "2024-06-26 03:38:59 +0000"
    },
    "done": true
  },
  "more_gems:recipes/misc/carbonado_pickaxe": {
    "criteria": {
      "has_stick": "2024-06-26 03:45:55 +0000"
    },
    "done": true
  },
  "more_gems:recipes/misc/topaz_excavator": {
    "criteria": {
      "has_stick": "2024-06-26 03:45:55 +0000"
    },
    "done": true
  },
  "more_gems:recipes/combat/citrine_arrow": {
    "criteria": {
      "has_stick": "2024-06-26 03:45:55 +0000"
    },
    "done": true
  },
  "croptopia:recipes/protein_bar": {
    "criteria": {
      "has_chocolate": "2024-06-26 03:33:46 +0000",
      "has_caramel": "2024-06-26 03:33:46 +0000"
    },
    "done": true
  },
  "minecraft:recipes/food/cooked_mutton": {
    "criteria": {
      "has_mutton": "2024-06-26 03:47:29 +0000"
    },
    "done": true
  },
  "croptopia:gather_forest": {
    "criteria": {
      "tomatillo_seed": "2024-06-26 03:52:49 +0000",
      "blueberry_seed": "2024-06-26 03:50:44 +0000",
      "cantaloupe_seed": "2024-06-26 03:53:05 +0000",
      "tomato_seed": "2024-06-26 03:53:15 +0000",
      "raspberry_seed": "2024-06-26 03:50:20 +0000"
    },
    "done": false
  },
  "more_gems:recipes/misc/topaz_hammer": {
    "criteria": {
      "has_stick": "2024-06-26 03:45:55 +0000"
    },
    "done": true
  },
  "minecraft:recipes/building_blocks/magenta_concrete_powder": {
    "criteria": {
      "has_gravel": "2024-06-26 03:39:58 +0000"
    },
    "done": true
  },
  "more_gems:recipes/combat/corundum_paxel": {
    "criteria": {
      "has_stick": "2024-06-26 03:45:55 +0000"
    },
    "done": true
  },
  "minecraft:recipes/decorations/campfire": {
    "criteria": {
      "has_stick": "2024-06-26 03:45:55 +0000"
    },
    "done": true
  },
  "biomesoplenty:recipes/transportation/mahogany_boat": {
    "criteria": {
      "in_water": "2024-06-26 03:38:59 +0000"
    },
    "done": true
  },
  "compact_storage:drum_me_up": {
    "criteria": {
      "got_drum": "2024-06-26 03:33:46 +0000"
    },
    "done": true
  },
  "more_gems:recipes/misc/alexandrite_shovel": {
    "criteria": {
      "has_stick": "2024-06-26 03:45:55 +0000"
    },
    "done": true
  },
  "more_gems:recipes/misc/corundum_hoe": {
    "criteria": {
      "has_stick": "2024-06-26 03:45:55 +0000"
    },
    "done": true
  },
  "mcwfences:recipes/spruce": {
    "criteria": {
      "has_spruce": "2024-06-26 03:33:46 +0000"
    },
    "done": true
  },
  "minecraft:recipes/tools/wooden_hoe": {
    "criteria": {
      "has_stick": "2024-06-26 03:45:55 +0000"
    },
    "done": true
  },
  "mcwtrpdoors:recipes/acacia/mangrove_bark_trapdoor": {
    "criteria": {
      "has_logs": "2024-06-26 03:33:52 +0000"
    },
    "done": true
  },
  "mcwtrpdoors:recipes/birch/birch_classic_trapdoor": {
    "criteria": {
      "has_logs": "2024-06-26 03:45:38 +0000"
    },
    "done": true
  },
  "minecraft:recipes/decorations/white_banner": {
    "criteria": {
      "has_white_wool": "2024-06-26 03:47:29 +0000"
    },
    "done": true
  },
  "croptopia:recipes/soy_sauce": {
    "criteria": {
      "has_soybean": "2024-06-26 03:33:46 +0000"
    },
    "done": true
  },
  "more_gems:recipes/combat/moissanite_arrow": {
    "criteria": {
      "has_stick": "2024-06-26 03:45:55 +0000"
    },
    "done": true
  },
  "handcrafted:recipes/misc/birch_side_table": {
    "criteria": {
      "has_birch_side_table": "2024-06-26 03:45:57 +0000"
    },
    "done": true
  },
  "croptopia:recipes/shaped_avocado_toast": {
    "criteria": {
      "has_avocado": "2024-06-26 03:33:46 +0000"
    },
    "done": true
  },
  "croptopia:recipes/shaped_roasted_turnips": {
    "criteria": {
      "has_olive_oil": "2024-06-26 03:33:46 +0000",
      "has_turnip": "2024-06-26 03:33:46 +0000"
    },
    "done": true
  },
  "minecraft:recipes/misc/charcoal": {
    "criteria": {
      "has_log": "2024-06-26 03:33:52 +0000"
    },
    "done": true
  },
  "minecraft:recipes/tools/wooden_pickaxe": {
    "criteria": {
      "has_stick": "2024-06-26 03:45:55 +0000"
    },
    "done": true
  },
  "mcwtrpdoors:recipes/spruce/spruce_four_panel_trapdoor": {
    "criteria": {
      "has_logs": "2024-06-26 03:33:52 +0000"
    },
    "done": true
  },
  "biomesoplenty:recipes/transportation/hellbark_chest_boat": {
    "criteria": {
      "has_boat": "2024-06-26 03:55:55 +0000"
    },
    "done": true
  },
  "minecraft:recipes/tools/iron_shovel": {
    "criteria": {
      "has_iron_ingot": "2024-06-26 03:58:06 +0000"
    },
    "done": true
  },
  "croptopia:recipes/onion_rings": {
    "criteria": {
      "has_onions": "2024-06-26 03:33:46 +0000"
    },
    "done": true
  },
  "handcrafted:recipes/misc/bench": {
    "criteria": {
      "has_bench": "2024-06-26 03:58:06 +0000"
    },
    "done": true
  },
  "croptopia:recipes/leek_soup": {
    "criteria": {
      "has_leek": "2024-06-26 03:33:46 +0000"
    },
    "done": true
  },
  "mcwdoors:recipes/metal": {
    "criteria": {
      "has_wood": "2024-06-26 03:58:06 +0000"
    },
    "done": true
  },
  "more_gems:recipes/combat/citrine_sword": {
    "criteria": {
      "has_stick": "2024-06-26 03:45:55 +0000"
    },
    "done": true
  },
  "mcwtrpdoors:recipes/birch/birch_barred_trapdoor": {
    "criteria": {
      "has_logs": "2024-06-26 03:45:38 +0000"
    },
    "done": true
  },
  "croptopia:recipes/caesar_salad": {
    "criteria": {
      "has_olive": "2024-06-26 03:33:46 +0000",
      "has_lettuce": "2024-06-26 03:33:46 +0000",
      "has_the_recipe": "2024-06-26 03:33:46 +0000"
    },
    "done": true
  },
  "more_gems:recipes/combat/tourmaline_paxel": {
    "criteria": {
      "has_stick": "2024-06-26 03:45:55 +0000"
    },
    "done": true
  },
  "mcwholidays:recipes/standing_broomstick": {
    "criteria": {
      "has_planks": "2024-06-26 03:45:55 +0000"
    },
    "done": true
  },
  "more_gems:recipes/combat/kunzite_paxel": {
    "criteria": {
      "has_stick": "2024-06-26 03:45:55 +0000"
    },
    "done": true
  },
  "mcwholidays:recipes/standing_rake": {
    "criteria": {
      "has_planks": "2024-06-26 03:45:55 +0000"
    },
    "done": true
  },
  "croptopia:recipes/misc/cantaloupe_seed": {
    "criteria": {
      "has_cantaloupe": "2024-06-26 03:53:05 +0000"
    },
    "done": true
  },
  "more_gems:recipes/misc/carbonado_hoe": {
    "criteria": {
      "has_stick": "2024-06-26 03:45:55 +0000"
    },
    "done": true
  },
  "handcrafted:recipes/misc/spruce_drawer": {
    "criteria": {
      "has_spruce_drawer": "2024-06-26 03:35:24 +0000"
    },
    "done": true
  },
  "biomesoplenty:recipes/transportation/palm_boat": {
    "criteria": {
      "in_water": "2024-06-26 03:38:59 +0000"
    },
    "done": true
  },
  "croptopia:recipes/documentation": {
    "criteria": {
      "has_crop": "2024-06-26 03:33:46 +0000"
    },
    "done": true
  },
  "biomesoplenty:recipes/transportation/empyreal_boat": {
    "criteria": {
      "in_water": "2024-06-26 03:38:59 +0000"
    },
    "done": true
  },
  "croptopia:recipes/scrambled_eggs": {
    "criteria": {
      "has_cheese": "2024-06-26 03:33:46 +0000"
    },
    "done": true
  },
  "croptopia:recipes/surpreme_pizza": {
    "criteria": {
      "has_olive": "2024-06-26 03:33:46 +0000"
    },
    "done": true
  },
  "croptopia:recipes/cashew_chicken": {
    "criteria": {
      "has_cashew": "2024-06-26 03:33:46 +0000"
    },
    "done": true
  },
  "biomesoplenty:biomesoplenty/root": {
    "criteria": {
      "jade_cliffs": "2024-06-26 03:32:24 +0000"
    },
    "done": true
  },
  "more_gems:recipes/misc/sapphire_shovel": {
    "criteria": {
      "has_stick": "2024-06-26 03:45:55 +0000"
    },
    "done": true
  },
  "croptopia:recipes/shaped_buttered_green_beans": {
    "criteria": {
      "has_greenbeans": "2024-06-26 03:33:46 +0000"
    },
    "done": true
  },
  "croptopia:recipes/taco": {
    "criteria": {
      "has_tortilla": "2024-06-26 03:33:46 +0000"
    },
    "done": true
  },
  "handcrafted:recipes/misc/birch_counter": {
    "criteria": {
      "has_birch_counter": "2024-06-26 03:45:57 +0000"
    },
    "done": true
  },
  "mcwtrpdoors:recipes/birch/birch_four_panel_trapdoor": {
    "criteria": {
      "has_logs": "2024-06-26 03:45:38 +0000"
    },
    "done": true
  },
  "croptopia:recipes/corn_husk": {
    "criteria": {
      "has_corn": "2024-06-26 03:33:46 +0000"
    },
    "done": true
  },
  "more_gems:recipes/misc/moissanite_axe": {
    "criteria": {
      "has_stick": "2024-06-26 03:45:55 +0000"
    },
    "done": true
  },
  "more_gems:recipes/misc/moissanite_pickaxe": {
    "criteria": {
      "has_stick": "2024-06-26 03:45:55 +0000"
    },
    "done": true
  },
  "mcwtrpdoors:recipes/birch/birch_swamp_trapdoor": {
    "criteria": {
      "has_logs": "2024-06-26 03:45:38 +0000"
    },
    "done": true
  },
  "croptopia:recipes/campfire_baked_sweet_potato": {
    "criteria": {
      "has_sweetpotato": "2024-06-26 03:33:46 +0000"
    },
    "done": true
  },
  "mcwholidays:recipes/ghost_balloon": {
    "criteria": {
      "has_planks": "2024-06-26 03:47:29 +0000"
    },
    "done": true
  },
  "more_gems:recipes/combat/spinel_paxel": {
    "criteria": {
      "has_stick": "2024-06-26 03:45:55 +0000"
    },
    "done": true
  },
  "handcrafted:recipes/misc/goat_trophy": {
    "criteria": {
      "has_goat_trophy": "2024-06-26 03:35:24 +0000"
    },
    "done": true
  },
  "minecraft:recipes/redstone/birch_trapdoor": {
    "criteria": {
      "has_planks": "2024-06-26 03:45:57 +0000"
    },
    "done": true
  },
  "minecraft:recipes/redstone/spruce_trapdoor": {
    "criteria": {
      "has_planks": "2024-06-26 03:35:24 +0000"
    },
    "done": true
  },
  "croptopia:recipes/quesadilla": {
    "criteria": {
      "has_avocado": "2024-06-26 03:33:46 +0000",
      "has_tortilla": "2024-06-26 03:33:46 +0000"
    },
    "done": true
  },
  "croptopia:eatcrafted": {
    "criteria": {
      "eat_crafted": "2024-06-26 03:48:15 +0000"
    },
    "done": true
  },
  "mcwtrpdoors:recipes/metal/metal_full_trapdoor": {
    "criteria": {
      "has_logs": "2024-06-26 03:58:06 +0000"
    },
    "done": true
  },
  "croptopia:recipes/fruit_salad": {
    "criteria": {
      "has_strawberry": "2024-06-26 03:33:46 +0000",
      "has_banana": "2024-06-26 03:33:46 +0000",
      "has_grapes": "2024-06-26 03:33:46 +0000"
    },
    "done": true
  },
  "minecraft:recipes/food/cooked_mutton_from_campfire_cooking": {
    "criteria": {
      "has_mutton": "2024-06-26 03:47:29 +0000"
    },
    "done": true
  },
  "handcrafted:recipes/misc/birch_bench": {
    "criteria": {
      "has_birch_bench": "2024-06-26 03:45:57 +0000"
    },
    "done": true
  },
  "croptopia:recipes/tofu_and_dumplings": {
    "criteria": {
      "has_tofu": "2024-06-26 03:33:46 +0000"
    },
    "done": true
  },
  "more_gems:recipes/combat/tourmaline_arrow": {
    "criteria": {
      "has_stick": "2024-06-26 03:45:55 +0000"
    },
    "done": true
  },
  "minecraft:recipes/redstone/spruce_door": {
    "criteria": {
      "has_planks": "2024-06-26 03:35:24 +0000"
    },
    "done": true
  },
  "minecraft:recipes/building_blocks/yellow_concrete_powder": {
    "criteria": {
      "has_gravel": "2024-06-26 03:39:58 +0000"
    },
    "done": true
  },
  "minecraft:recipes/redstone/spruce_fence_gate": {
    "criteria": {
      "has_planks": "2024-06-26 03:35:24 +0000"
    },
    "done": true
  },
  "croptopia:recipes/chicken_and_dumplings": {
    "criteria": {
      "has_dough": "2024-06-26 03:33:46 +0000"
    },
    "done": true
  },
  "more_gems:recipes/misc/spinel_shovel": {
    "criteria": {
      "has_stick": "2024-06-26 03:45:55 +0000"
    },
    "done": true
  },
  "croptopia:recipes/artichoke_dip": {
    "criteria": {
      "has_artichoke": "2024-06-26 03:33:46 +0000"
    },
    "done": true
  },
  "minecraft:recipes/tools/wooden_shovel": {
    "criteria": {
      "has_stick": "2024-06-26 03:45:55 +0000"
    },
    "done": true
  },
  "croptopia:gather_all": {
    "criteria": {
      "tomatillo_seed": "2024-06-26 03:52:49 +0000",
      "blueberry_seed": "2024-06-26 03:50:44 +0000",
      "cantaloupe_seed": "2024-06-26 03:53:05 +0000",
      "barley_seed": "2024-06-26 03:52:31 +0000",
      "tomato_seed": "2024-06-26 03:53:15 +0000",
      "raspberry_seed": "2024-06-26 03:50:20 +0000"
    },
    "done": false
  },
  "croptopia:recipes/misc/tomatillo_seed": {
    "criteria": {
      "has_tomatillo": "2024-06-26 03:52:49 +0000"
    },
    "done": true
  },
  "mcwdoors:recipes/spruce": {
    "criteria": {
      "has_wood": "2024-06-26 03:33:52 +0000"
    },
    "done": true
  },
  "croptopia:recipes/shaped_trifle": {
    "criteria": {
      "has_strawberry": "2024-06-26 03:33:46 +0000"
    },
    "done": true
  },
  "croptopia:recipes/banana_cream_pie": {
    "criteria": {
      "has_vanilla": "2024-06-26 03:33:46 +0000",
      "has_banana": "2024-06-26 03:33:46 +0000"
    },
    "done": true
  },
  "croptopia:recipes/roasted_smoking": {
    "criteria": {
      "has_nut": "2024-06-26 03:33:46 +0000"
    },
    "done": true
  },
  "croptopia:recipes/butter": {
    "criteria": {
      "has_milk": "2024-06-26 03:33:46 +0000",
      "has_salt": "2024-06-26 03:33:46 +0000"
    },
    "done": true
  },
  "mcwtrpdoors:recipes/acacia/birch_bark_trapdoor": {
    "criteria": {
      "has_logs": "2024-06-26 03:45:38 +0000"
    },
    "done": true
  },
  "biomesoplenty:recipes/transportation/pine_boat": {
    "criteria": {
      "in_water": "2024-06-26 03:38:59 +0000"
    },
    "done": true
  },
  "croptopia:recipes/shaped_steamed_broccoli": {
    "criteria": {
      "has_broccoli": "2024-06-26 03:33:46 +0000"
    },
    "done": true
  },
  "more_gems:recipes/misc/corundum_hammer": {
    "criteria": {
      "has_stick": "2024-06-26 03:45:55 +0000"
    },
    "done": true
  },
  "mcwtrpdoors:recipes/spruce/spruce_barred_trapdoor": {
    "criteria": {
      "has_logs": "2024-06-26 03:33:52 +0000"
    },
    "done": true
  },
  "more_gems:recipes/misc/alexandrite_axe": {
    "criteria": {
      "has_stick": "2024-06-26 03:45:55 +0000"
    },
    "done": true
  },
  "more_gems:recipes/combat/sapphire_paxel": {
    "criteria": {
      "has_stick": "2024-06-26 03:45:55 +0000"
    },
    "done": true
  },
  "croptopia:recipes/wine": {
    "criteria": {
      "has_grapes": "2024-06-26 03:33:46 +0000"
    },
    "done": true
  },
  "more_gems:recipes/misc/corundum_excavator": {
    "criteria": {
      "has_stick": "2024-06-26 03:45:55 +0000"
    },
    "done": true
  },
  "handcrafted:recipes/misc/birch_drawer": {
    "criteria": {
      "has_birch_drawer": "2024-06-26 03:45:57 +0000"
    },
    "done": true
  },
  "croptopia:recipes/misc/blueberry_seed": {
    "criteria": {
      "has_blueberry": "2024-06-26 03:50:44 +0000"
    },
    "done": true
  },
  "mcwholidays:recipes/haunting_ghost": {
    "criteria": {
      "has_planks": "2024-06-26 03:47:29 +0000"
    },
    "done": true
  },
  "mcwtrpdoors:recipes/spruce/spruce_ranch_trapdoor": {
    "criteria": {
      "has_logs": "2024-06-26 03:33:52 +0000"
    },
    "done": true
  },
  "minecraft:recipes/transportation/acacia_boat": {
    "criteria": {
      "in_water": "2024-06-26 03:38:59 +0000"
    },
    "done": true
  },
  "minecraft:recipes/redstone/iron_trapdoor": {
    "criteria": {
      "has_iron_ingot": "2024-06-26 03:58:06 +0000"
    },
    "done": true
  },
  "minecraft:adventure/root": {
    "criteria": {
      "killed_by_something": "2024-06-26 03:46:38 +0000"
    },
    "done": true
  },
  "more_gems:recipes/misc/kunzite_excavator": {
    "criteria": {
      "has_stick": "2024-06-26 03:45:55 +0000"
    },
    "done": true
  },
  "more_gems:recipes/misc/spinel_pickaxe": {
    "criteria": {
      "has_stick": "2024-06-26 03:45:55 +0000"
    },
    "done": true
  },
  "croptopia:getseeds": {
    "criteria": {
      "has_seeds": "2024-06-26 03:33:46 +0000"
    },
    "done": true
  },
  "more_gems:recipes/combat/tourmaline_sword": {
    "criteria": {
      "has_stick": "2024-06-26 03:45:55 +0000"
    },
    "done": true
  },
  "croptopia:recipes/nougat": {
    "criteria": {
      "has_nuts": "2024-06-26 03:33:46 +0000"
    },
    "done": true
  },
  "croptopia:gather_plains": {
    "criteria": {
      "barley_seed": "2024-06-26 03:52:31 +0000"
    },
    "done": false
  },
  "minecraft:recipes/combat/wooden_sword": {
    "criteria": {
      "has_stick": "2024-06-26 03:45:55 +0000"
    },
    "done": true
  },
  "handcrafted:recipes/misc/spruce_fancy_bed": {
    "criteria": {
      "has_spruce_fancy_bed": "2024-06-26 03:35:24 +0000"
    },
    "done": true
  },
  "minecraft:recipes/building_blocks/gray_concrete_powder": {
    "criteria": {
      "has_gravel": "2024-06-26 03:39:58 +0000"
    },
    "done": true
  },
  "croptopia:recipes/steamed_rice": {
    "criteria": {
      "has_rice": "2024-06-26 03:33:46 +0000"
    },
    "done": true
  },
  "croptopia:root": {
    "criteria": {
      "root": "2024-06-26 03:33:46 +0000"
    },
    "done": true
  },
  "minecraft:recipes/tools/iron_axe": {
    "criteria": {
      "has_iron_ingot": "2024-06-26 03:58:06 +0000"
    },
    "done": true
  },
  "croptopia:recipes/misc/knife": {
    "criteria": {
      "has_iron": "2024-06-26 03:58:06 +0000"
    },
    "done": true
  },
  "minecraft:recipes/building_blocks/black_concrete_powder": {
    "criteria": {
      "has_gravel": "2024-06-26 03:39:58 +0000"
    },
    "done": true
  },
  "minecraft:recipes/combat/crossbow": {
    "criteria": {
      "has_iron_ingot": "2024-06-26 03:58:06 +0000"
    },
    "done": true
  },
  "croptopia:recipes/ravioli": {
    "criteria": {
      "has_noodle": "2024-06-26 03:33:46 +0000",
      "has_cheese": "2024-06-26 03:33:46 +0000"
    },
    "done": true
  },
  "more_gems:recipes/misc/kunzite_axe": {
    "criteria": {
      "has_stick": "2024-06-26 03:45:55 +0000"
    },
    "done": true
  },
  "more_gems:recipes/misc/corundum_pickaxe": {
    "criteria": {
      "has_stick": "2024-06-26 03:45:55 +0000"
    },
    "done": true
  },
  "minecraft:adventure/adventuring_time": {
    "criteria": {
      "minecraft:old_growth_birch_forest": "2024-06-26 03:35:59 +0000",
      "minecraft:beach": "2024-06-26 03:40:52 +0000",
      "minecraft:old_growth_pine_taiga": "2024-06-26 03:33:33 +0000",
      "minecraft:dark_forest": "2024-06-26 03:35:34 +0000",
      "minecraft:ocean": "2024-06-26 03:41:42 +0000",
      "minecraft:stony_shore": "2024-06-26 03:38:58 +0000"
    },
    "done": false
  },
  "minecraft:recipes/decorations/barrel": {
    "criteria": {
      "has_planks": "2024-06-26 03:35:24 +0000"
    },
    "done": true
  },
  "croptopia:recipes/grilled_cheese": {
    "criteria": {
      "has_cheese": "2024-06-26 03:33:46 +0000"
    },
    "done": true
  },
  "handcrafted:recipes/misc/spruce_chair": {
    "criteria": {
      "has_spruce_chair": "2024-06-26 03:35:24 +0000"
    },
    "done": true
  },
  "croptopia:recipes/cheese_pizza": {
    "criteria": {
      "has_dough": "2024-06-26 03:33:46 +0000"
    },
    "done": true
  },
  "more_gems:recipes/combat/citrine_paxel": {
    "criteria": {
      "has_stick": "2024-06-26 03:45:55 +0000"
    },
    "done": true
  },
  "mcwtrpdoors:recipes/birch/birch_mystic_trapdoor": {
    "criteria": {
      "has_logs": "2024-06-26 03:45:38 +0000"
    },
    "done": true
  },
  "croptopia:recipes/peanut_butter_and_jam": {
    "criteria": {
      "has_jam": "2024-06-26 03:33:46 +0000"
    },
    "done": true
  },
  "croptopia:recipes/misc/raspberry_seed": {
    "criteria": {
      "has_raspberry": "2024-06-26 03:50:20 +0000"
    },
    "done": true
  },
  "biomesoplenty:recipes/transportation/mahogany_chest_boat": {
    "criteria": {
      "has_boat": "2024-06-26 03:55:55 +0000"
    },
    "done": true
  },
  "croptopia:recipes/chicken_and_noodles": {
    "criteria": {
      "has_chicken": "2024-06-26 03:33:46 +0000",
      "has_noodles": "2024-06-26 03:33:46 +0000"
    },
    "done": true
  },
  "handcrafted:recipes/misc/spruce_cupboard": {
    "criteria": {
      "has_spruce_cupboard": "2024-06-26 03:35:24 +0000"
    },
    "done": true
  },
  "croptopia:recipes/campfire_baked_beans": {
    "criteria": {
      "has_beans": "2024-06-26 03:33:46 +0000"
    },
    "done": true
  },
  "minecraft:recipes/decorations/white_bed": {
    "criteria": {
      "has_white_wool": "2024-06-26 03:47:29 +0000"
    },
    "done": true
  },
  "more_gems:recipes/combat/topaz_arrow": {
    "criteria": {
      "has_stick": "2024-06-26 03:45:55 +0000"
    },
    "done": true
  },
  "minecraft:recipes/redstone/birch_pressure_plate": {
    "criteria": {
      "has_planks": "2024-06-26 03:45:57 +0000"
    },
    "done": true
  },
  "more_gems:recipes/misc/alexandrite_pickaxe": {
    "criteria": {
      "has_stick": "2024-06-26 03:45:55 +0000"
    },
    "done": true
  },
  "croptopia:recipes/fried_chicken": {
    "criteria": {
      "has_chicken": "2024-06-26 03:33:46 +0000"
    },
    "done": true
  },
  "mcwtrpdoors:recipes/mangrove/mangrove_ranch_trapdoor": {
    "criteria": {
      "has_logs": "2024-06-26 03:33:52 +0000"
    },
    "done": true
  },
  "croptopia:recipes/trail_mix": {
    "criteria": {
      "has_raisins": "2024-06-26 03:33:46 +0000",
      "has_nuts": "2024-06-26 03:33:46 +0000",
      "has_chocolate": "2024-06-26 03:33:46 +0000"
    },
    "done": true
  },
  "minecraft:recipes/food/mushroom_stew": {
    "criteria": {
      "has_brown_mushroom": "2024-06-26 03:50:35 +0000"
    },
    "done": true
  },
  "croptopia:recipes/yoghurt": {
    "criteria": {
      "has_strawberry": "2024-06-26 03:33:46 +0000"
    },
    "done": true
  },
  "minecraft:husbandry/balanced_diet": {
    "criteria": {
      "mutton": "2024-06-26 03:49:37 +0000",
      "sweet_berries": "2024-06-26 03:48:15 +0000"
    },
    "done": false
  },
  "croptopia:recipes/cheese": {
    "criteria": {
      "has_milk": "2024-06-26 03:33:46 +0000",
      "has_salt": "2024-06-26 03:33:46 +0000"
    },
    "done": true
  },
  "croptopia:recipes/flour": {
    "criteria": {
      "has_grain": "2024-06-26 03:33:46 +0000"
    },
    "done": true
  },
  "mcwtrpdoors:recipes/birch/birch_cottage_trapdoor": {
    "criteria": {
      "has_logs": "2024-06-26 03:45:38 +0000"
    },
    "done": true
  },
  "croptopia:recipes/misc/tomato_juice": {
    "criteria": {
      "has_tomato": "2024-06-26 03:53:15 +0000"
    },
    "done": true
  },
  "mcwholidays:recipes/ghost": {
    "criteria": {
      "has_planks": "2024-06-26 03:47:29 +0000"
    },
    "done": true
  },
  "more_gems:recipes/combat/carbonado_sword": {
    "criteria": {
      "has_stick": "2024-06-26 03:45:55 +0000"
    },
    "done": true
  },
  "more_gems:recipes/misc/tourmaline_axe": {
    "criteria": {
      "has_stick": "2024-06-26 03:45:55 +0000"
    },
    "done": true
  },
  "mcwtrpdoors:recipes/bamboo/bamboo_ranch_trapdoor": {
    "criteria": {
      "has_logs": "2024-06-26 03:33:52 +0000"
    },
    "done": true
  },
  "croptopia:recipes/pineapple_pepperoni_pizza": {
    "criteria": {
      "has_pineapple": "2024-06-26 03:33:46 +0000"
    },
    "done": true
  },
  "minecraft:recipes/building_blocks/purple_concrete_powder": {
    "criteria": {
      "has_gravel": "2024-06-26 03:39:58 +0000"
    },
    "done": true
  },
  "more_gems:recipes/misc/citrine_hammer": {
    "criteria": {
      "has_stick": "2024-06-26 03:45:55 +0000"
    },
    "done": true
  },
  "more_gems:recipes/combat/kunzite_arrow": {
    "criteria": {
      "has_stick": "2024-06-26 03:45:55 +0000"
    },
    "done": true
  },
  "handcrafted:recipes/misc/birch_corner_trim": {
    "criteria": {
      "has_birch_corner_trim": "2024-06-26 03:45:57 +0000"
    },
    "done": true
  },
  "mcwtrpdoors:recipes/spruce/spruce_tropical_trapdoor": {
    "criteria": {
      "has_logs": "2024-06-26 03:33:52 +0000"
    },
    "done": true
  },
  "more_gems:recipes/misc/spinel_hammer": {
    "criteria": {
      "has_stick": "2024-06-26 03:45:55 +0000"
    },
    "done": true
  },
  "minecraft:recipes/building_blocks/spruce_stairs": {
    "criteria": {
      "has_planks": "2024-06-26 03:35:24 +0000"
    },
    "done": true
  },
  "croptopia:recipes/churros": {
    "criteria": {
      "has_milk": "2024-06-26 03:33:46 +0000"
    },
    "done": true
  },
  "croptopia:recipes/shaped_eggplant_parmesan": {
    "criteria": {
      "has_eggplant": "2024-06-26 03:33:46 +0000",
      "has_basil": "2024-06-26 03:33:46 +0000"
    },
    "done": true
  },
  "minecraft:recipes/building_blocks/cyan_concrete_powder": {
    "criteria": {
      "has_gravel": "2024-06-26 03:39:58 +0000"
    },
    "done": true
  },
  "handcrafted:recipes/misc/spruce_corner_trim": {
    "criteria": {
      "has_spruce_corner_trim": "2024-06-26 03:35:24 +0000"
    },
    "done": true
  },
  "croptopia:recipes/shaped_cornish_pasty": {
    "criteria": {
      "has_rutabaga": "2024-06-26 03:33:46 +0000"
    },
    "done": true
  },
  "handcrafted:recipes/misc/skeleton_horse_trophy": {
    "criteria": {
      "has_skeleton_horse_trophy": "2024-06-26 03:35:24 +0000"
    },
    "done": true
  },
  "handcrafted:recipes/misc/birch_desk": {
    "criteria": {
      "has_birch_desk": "2024-06-26 03:45:57 +0000"
    },
    "done": true
  },
  "mcwtrpdoors:recipes/birch/birch_barrel_trapdoor": {
    "criteria": {
      "has_logs": "2024-06-26 03:45:38 +0000"
    },
    "done": true
  },
  "biomesoplenty:recipes/transportation/umbran_chest_boat": {
    "criteria": {
      "has_boat": "2024-06-26 03:55:55 +0000"
    },
    "done": true
  },
  "biomesoplenty:recipes/transportation/willow_chest_boat": {
    "criteria": {
      "has_boat": "2024-06-26 03:55:55 +0000"
    },
    "done": true
  },
  "more_gems:recipes/misc/sapphire_hoe": {
    "criteria": {
      "has_stick": "2024-06-26 03:45:55 +0000"
    },
    "done": true
  },
  "compact_storage:compacting_your_storage": {
    "criteria": {
      "got_chest": "2024-06-26 03:33:46 +0000"
    },
    "done": true
  },
  "more_gems:recipes/combat/moissanite_paxel": {
    "criteria": {
      "has_stick": "2024-06-26 03:45:55 +0000"
    },
    "done": true
  },
  "handcrafted:recipes/misc/blaze_trophy": {
    "criteria": {
      "has_blaze_trophy": "2024-06-26 03:35:24 +0000"
    },
    "done": true
  },
  "more_gems:recipes/misc/topaz_axe": {
    "criteria": {
      "has_stick": "2024-06-26 03:45:55 +0000"
    },
    "done": true
  },
  "mcwfences:recipes/birch": {
    "criteria": {
      "has_birch": "2024-06-26 03:33:46 +0000"
    },
    "done": true
  },
  "mcwtrpdoors:recipes/spruce/spruce_classic_trapdoor": {
    "criteria": {
      "has_logs": "2024-06-26 03:33:52 +0000"
    },
    "done": true
  },
  "croptopia:recipes/refried_beans": {
    "criteria": {
      "has_beans": "2024-06-26 03:33:46 +0000"
    },
    "done": true
  },
  "minecraft:story/root": {
    "criteria": {
      "crafting_table": "2024-06-26 03:35:26 +0000"
    },
    "done": true
  },
  "toughasnails:recipes/combat/wool_leggings": {
    "criteria": {
      "has_wool": "2024-06-26 03:47:29 +0000"
    },
    "done": true
  },
  "croptopia:recipes/paprika": {
    "criteria": {
      "has_chile_peppers": "2024-06-26 03:33:46 +0000"
    },
    "done": true
  },
  "croptopia:recipes/candied_nuts": {
    "criteria": {
      "has_nut": "2024-06-26 03:33:46 +0000"
    },
    "done": true
  },
  "toughasnails:recipes/combat/wool_chestplate": {
    "criteria": {
      "has_wool": "2024-06-26 03:47:29 +0000"
    },
    "done": true
  },
  "croptopia:recipes/shaped_potato_soup": {
    "criteria": {
      "has_greenonion": "2024-06-26 03:33:46 +0000"
    },
    "done": true
  },
  "handcrafted:recipes/misc/spruce_desk": {
    "criteria": {
      "has_spruce_desk": "2024-06-26 03:35:24 +0000"
    },
    "done": true
  },
  "minecraft:recipes/redstone/iron_door": {
    "criteria": {
      "has_iron_ingot": "2024-06-26 03:58:06 +0000"
    },
    "done": true
  },
  "more_gems:recipes/combat/sapphire_arrow": {
    "criteria": {
      "has_stick": "2024-06-26 03:45:55 +0000"
    },
    "done": true
  },
  "handcrafted:recipes/misc/wither_skeleton_trophy": {
    "criteria": {
      "has_wither_skeleton_trophy": "2024-06-26 03:35:24 +0000"
    },
    "done": true
  },
  "croptopia:recipes/shaped_stir_fry": {
    "criteria": {
      "has_broccoli": "2024-06-26 03:33:46 +0000"
    },
    "done": true
  },
  "croptopia:recipes/misc/cooking_pot": {
    "criteria": {
      "has_iron": "2024-06-26 03:58:06 +0000"
    },
    "done": true
  },
  "croptopia:recipes/misc/melon_juice": {
    "criteria": {
      "has_melon": "2024-06-26 03:53:05 +0000"
    },
    "done": true
  },
  "croptopia:recipes/sweet_potato_fries": {
    "criteria": {
      "has_sweetpotatos": "2024-06-26 03:33:46 +0000"
    },
    "done": true
  },
  "minecraft:recipes/transportation/jungle_boat": {
    "criteria": {
      "in_water": "2024-06-26 03:38:59 +0000"
    },
    "done": true
  },
  "handcrafted:recipes/misc/spruce_side_table": {
    "criteria": {
      "has_spruce_side_table": "2024-06-26 03:35:24 +0000"
    },
    "done": true
  },
  "minecraft:recipes/redstone/heavy_weighted_pressure_plate": {
    "criteria": {
      "has_iron_ingot": "2024-06-26 03:58:06 +0000"
    },
    "done": true
  },
  "more_gems:recipes/misc/citrine_pickaxe": {
    "criteria": {
      "has_stick": "2024-06-26 03:45:55 +0000"
    },
    "done": true
  },
  "minecraft:recipes/transportation/dark_oak_boat": {
    "criteria": {
      "in_water": "2024-06-26 03:38:59 +0000"
    },
    "done": true
  },
  "mcwlights:recipes/garden_light": {
    "criteria": {
      "has_wood": "2024-06-26 03:58:06 +0000"
    },
    "done": true
  },
  "croptopia:recipes/shaped_peanut_butter": {
    "criteria": {
      "has_peanuts": "2024-06-26 03:33:46 +0000"
    },
    "done": true
  },
  "handcrafted:recipes/misc/wolf_trophy": {
    "criteria": {
      "has_wolf_trophy": "2024-06-26 03:35:24 +0000"
    },
    "done": true
  },
  "croptopia:recipes/ham_sandwich": {
    "criteria": {
      "has_cheese": "2024-06-26 03:33:46 +0000"
    },
    "done": true
  },
  "croptopia:recipes/shaped_ajvar": {
    "criteria": {
      "has_bellpepper": "2024-06-26 03:33:46 +0000",
      "has_eggplant": "2024-06-26 03:33:46 +0000"
    },
    "done": true
  },
  "croptopia:getdrinks": {
    "criteria": {
      "has_drink": "2024-06-26 03:48:15 +0000"
    },
    "done": true
  },
  "DataVersion": 3953
}